date,value
2000-08-30,273.899994
2000-08-31,278.299988
2000-09-01,277
2000-09-05,275.799988
2000-09-06,274.200012
2000-09-07,274
2000-09-08,273.299988
2000-09-11,273.100006
2000-09-12,272.899994
2000-09-13,272.799988
2000-09-14,272.399994
2000-09-15,272.299988
2000-09-18,271.399994
2000-09-19,271.899994
2000-09-20,269
2000-09-21,270.299988
2000-09-22,271.799988
2000-09-25,274.100006
2000-09-26,273.899994
2000-09-27,278.399994
2000-09-28,275.600006
2000-09-29,273.600006
2000-10-02,273.100006
2000-10-03,271.600006
2000-10-04,270.299988
2000-10-05,270.600006
2000-10-06,269.299988
2000-10-09,270.100006
2000-10-10,272.399994
2000-10-11,270.5
2000-10-12,276.399994
2000-10-13,272.399994
2000-10-16,271.5
2000-10-17,271.100006
2000-10-18,270.299988
2000-10-19,270.100006
2000-10-20,271.200012
2000-10-23,270.100006
2000-10-24,270.100006
2000-10-25,266.200012
2000-10-26,264.899994
2000-10-27,264.399994
2000-10-30,264.299988
2000-10-31,264.899994
2000-11-01,263.899994
2000-11-02,264.399994
2000-11-03,264.600006
2000-11-06,264.5
2000-11-07,264.299988
2000-11-08,265
2000-11-09,265.799988
2000-11-10,264.5
2000-11-13,264.299988
2000-11-14,264.899994
2000-11-15,265.100006
2000-11-16,265.799988
2000-11-17,265.700012
2000-11-20,266.299988
2000-11-21,265.700012
2000-11-22,266.299988
2000-11-27,270.100006
2000-11-28,269.799988
2000-11-29,266.399994
2000-11-30,270.100006
2000-12-01,268.700012
2000-12-04,270.700012
2000-12-05,270.399994
2000-12-06,274.299988
2000-12-07,273.200012
2000-12-08,272.200012
2000-12-11,270.200012
2000-12-12,270.299988
2000-12-13,268.600006
2000-12-14,269
2000-12-15,270.399994
2000-12-18,269.700012
2000-12-19,269.700012
2000-12-20,272.5
2000-12-21,273.700012
2000-12-22,273.700012
2000-12-26,274.100006
2000-12-27,275.200012
2000-12-28,271.700012
2000-12-29,272
2001-01-02,268.399994
2001-01-03,268
2001-01-04,267.299988
2001-01-05,268
2001-01-08,268
2001-01-09,267.5
2001-01-10,264.700012
2001-01-11,264
2001-01-12,263.899994
2001-01-16,263.299988
2001-01-17,263.200012
2001-01-18,264.200012
2001-01-19,264.299988
2001-01-22,266.399994
2001-01-23,266.100006
2001-01-24,264.299988
2001-01-25,264.5
2001-01-26,262.799988
2001-01-29,262.799988
2001-01-30,265.5
2001-01-31,265.600006
2001-02-01,268.5
2001-02-02,267.100006
2001-02-05,265.200012
2001-02-06,263.299988
2001-02-07,262.799988
2001-02-08,260.100006
2001-02-09,259.899994
2001-02-12,260.700012
2001-02-13,260.299988
2001-02-14,259.399994
2001-02-15,255.100006
2001-02-16,258.200012
2001-02-20,256.100006
2001-02-21,258.200012
2001-02-22,258.5
2001-02-23,260.899994
2001-02-26,265.799988
2001-02-27,267.399994
2001-02-28,266.799988
2001-03-01,265.200012
2001-03-02,262.100006
2001-03-05,262.5
2001-03-06,259.899994
2001-03-07,261.399994
2001-03-08,265.399994
2001-03-09,270.799988
2001-03-12,271.600006
2001-03-13,266.799988
2001-03-14,262.5
2001-03-15,260
2001-03-16,258.100006
2001-03-19,259.799988
2001-03-20,260.5
2001-03-21,261.899994
2001-03-22,261.100006
2001-03-23,261.5
2001-03-26,261.899994
2001-03-27,261
2001-03-28,259.700012
2001-03-29,258.799988
2001-03-30,257.899994
2001-04-02,255.600006
2001-04-03,256.799988
2001-04-04,258.399994
2001-04-05,258.100006
2001-04-06,260
2001-04-09,258.299988
2001-04-10,257.299988
2001-04-11,258.700012
2001-04-12,260.100006
2001-04-16,263.299988
2001-04-17,261.100006
2001-04-18,261.299988
2001-04-19,265.299988
2001-04-20,264.799988
2001-04-23,263.700012
2001-04-24,264.100006
2001-04-25,262.399994
2001-04-26,264.399994
2001-04-27,263.899994
2001-04-30,264
2001-05-01,264.399994
2001-05-02,265.399994
2001-05-03,266.299988
2001-05-04,266.100006
2001-05-07,266.100006
2001-05-08,265.100006
2001-05-09,270
2001-05-10,269.100006
2001-05-11,267.899994
2001-05-14,268.299988
2001-05-15,268.100006
2001-05-16,272
2001-05-17,273.600006
2001-05-18,287.399994
2001-05-21,285.399994
2001-05-22,285.100006
2001-05-23,283.600006
2001-05-24,279.100006
2001-05-25,277.899994
2001-05-29,273.799988
2001-05-30,265.700012
2001-05-31,265.299988
2001-06-01,266.399994
2001-06-04,264.899994
2001-06-05,265.700012
2001-06-06,265.700012
2001-06-07,266
2001-06-08,273.399994
2001-06-11,267.899994
2001-06-12,271.5
2001-06-13,272
2001-06-14,275.299988
2001-06-15,271.200012
2001-06-18,272.399994
2001-06-19,273.399994
2001-06-20,272.399994
2001-06-21,272.600006
2001-06-22,272.299988
2001-06-25,273.700012
2001-06-26,276.200012
2001-06-27,272.100006
2001-06-28,269.299988
2001-06-29,270.600006
2001-07-02,269.399994
2001-07-03,267.600006
2001-07-05,265.100006
2001-07-06,265.899994
2001-07-09,266.5
2001-07-10,266.200012
2001-07-11,268.299988
2001-07-12,266.600006
2001-07-13,267.100006
2001-07-16,266.899994
2001-07-17,268.100006
2001-07-18,270.399994
2001-07-19,269.399994
2001-07-20,269.899994
2001-07-23,268.799988
2001-07-24,269.700012
2001-07-25,267.700012
2001-07-26,266.200012
2001-07-27,267.399994
2001-07-30,264.600006
2001-07-31,266.200012
2001-08-01,267.399994
2001-08-02,267.399994
2001-08-03,267.899994
2001-08-06,267.100006
2001-08-07,267.200012
2001-08-08,267.899994
2001-08-09,273.399994
2001-08-10,273.899994
2001-08-13,275.700012
2001-08-14,276.299988
2001-08-15,275.700012
2001-08-16,275.200012
2001-08-17,279.299988
2001-08-20,276.100006
2001-08-21,275
2001-08-22,274.899994
2001-08-23,275.299988
2001-08-24,272.5
2001-08-27,272.600006
2001-08-28,272.299988
2001-08-29,273.700012
2001-08-30,275.399994
2001-08-31,274.399994
2001-09-04,271.600006
2001-09-05,272
2001-09-06,273
2001-09-07,273.100006
2001-09-10,271.600006
2001-09-14,290.200012
2001-09-17,289.799988
2001-09-18,288.100006
2001-09-19,291.5
2001-09-20,289
2001-09-21,291.899994
2001-09-24,289.700012
2001-09-25,290.5
2001-09-26,293.299988
2001-09-27,291.700012
2001-09-28,292.399994
2001-10-01,292.200012
2001-10-02,289.899994
2001-10-03,290.5
2001-10-04,290.5
2001-10-05,291.399994
2001-10-08,292.399994
2001-10-09,288.899994
2001-10-10,285.700012
2001-10-11,281.799988
2001-10-12,284.899994
2001-10-15,282.100006
2001-10-16,282.299988
2001-10-17,283.399994
2001-10-18,279.200012
2001-10-19,280.100006
2001-10-22,275.5
2001-10-23,276.100006
2001-10-24,275.899994
2001-10-25,277.799988
2001-10-26,277.899994
2001-10-29,279.100006
2001-10-30,280.600006
2001-10-31,279.5
2001-11-01,279.700012
2001-11-02,279.799988
2001-11-05,278.5
2001-11-06,279.700012
2001-11-07,281
2001-11-08,276.799988
2001-11-09,277.399994
2001-11-12,278.299988
2001-11-13,277.799988
2001-11-14,277.799988
2001-11-15,275.100006
2001-11-16,274.700012
2001-11-19,272.700012
2001-11-20,273
2001-11-21,272.899994
2001-11-26,272.299988
2001-11-27,273.200012
2001-11-28,274.100006
2001-11-29,273.5
2001-11-30,273.899994
2001-12-03,276.899994
2001-12-04,275.399994
2001-12-05,273.700012
2001-12-06,274.200012
2001-12-07,273.899994
2001-12-10,272.200012
2001-12-11,272.200012
2001-12-12,273.799988
2001-12-13,273.899994
2001-12-14,278
2001-12-17,277.700012
2001-12-18,280.399994
2001-12-19,275.5
2001-12-20,276
2001-12-21,278
2001-12-26,279.700012
2001-12-27,277.399994
2001-12-28,276.5
2001-12-31,278.700012
2002-01-02,278.899994
2002-01-03,278.200012
2002-01-04,278.899994
2002-01-07,278.600006
2002-01-08,278.899994
2002-01-09,283.399994
2002-01-10,287.100006
2002-01-11,287.399994
2002-01-14,285.399994
2002-01-15,284.399994
2002-01-16,287.299988
2002-01-17,284.399994
2002-01-18,283.100006
2002-01-22,281.5
2002-01-23,278.600006
2002-01-24,278.100006
2002-01-25,278.799988
2002-01-28,278.299988
2002-01-29,281.399994
2002-01-30,281.899994
2002-01-31,282.100006
2002-02-01,286
2002-02-04,289.299988
2002-02-05,298.200012
2002-02-06,297.5
2002-02-07,299.700012
2002-02-08,303.5
2002-02-11,300.100006
2002-02-12,300.700012
2002-02-13,299.399994
2002-02-14,299.700012
2002-02-15,298.399994
2002-02-19,293.200012
2002-02-20,292.299988
2002-02-21,293.200012
2002-02-22,293.200012
2002-02-25,292.700012
2002-02-26,298
2002-02-27,296.299988
2002-02-28,296.700012
2002-03-01,298
2002-03-04,296.700012
2002-03-05,294
2002-03-06,293.5
2002-03-07,290.100006
2002-03-08,290.100006
2002-03-11,291.100006
2002-03-12,293.600006
2002-03-13,293.600006
2002-03-14,291
2002-03-15,289.899994
2002-03-18,292.100006
2002-03-19,292.799988
2002-03-20,292.100006
2002-03-21,292.799988
2002-03-22,297.299988
2002-03-25,297.399994
2002-03-26,296.600006
2002-03-27,302.200012
2002-03-28,302.600006
2002-04-01,303.200012
2002-04-02,305.899994
2002-04-03,302.600006
2002-04-04,301.100006
2002-04-05,300.100006
2002-04-08,300.5
2002-04-09,298.799988
2002-04-10,301.700012
2002-04-11,302.200012
2002-04-12,302.100006
2002-04-15,300
2002-04-16,298.799988
2002-04-17,302.100006
2002-04-18,304.5
2002-04-19,302.299988
2002-04-22,303
2002-04-23,304
2002-04-24,304.299988
2002-04-25,308.100006
2002-04-26,311.600006
2002-04-29,311.200012
2002-04-30,308.899994
2002-05-01,309.100006
2002-05-02,308.299988
2002-05-03,312.200012
2002-05-06,311.200012
2002-05-07,311.600006
2002-05-08,308.200012
2002-05-09,309.5
2002-05-10,311
2002-05-13,310.600006
2002-05-14,307.299988
2002-05-15,308.700012
2002-05-16,309.799988
2002-05-17,310.600006
2002-05-20,315.700012
2002-05-21,315.799988
2002-05-22,318
2002-05-23,322.5
2002-05-24,320.399994
2002-05-28,323.899994
2002-05-29,325.399994
2002-05-30,325.5
2002-05-31,326.5
2002-06-03,326.700012
2002-06-04,327.799988
2002-06-05,321.200012
2002-06-06,324.899994
2002-06-07,324.600006
2002-06-10,318.700012
2002-06-11,319.700012
2002-06-12,320.299988
2002-06-13,317.700012
2002-06-14,319.100006
2002-06-17,317.399994
2002-06-18,319.200012
2002-06-19,319.799988
2002-06-20,323.200012
2002-06-21,324.600006
2002-06-24,324.299988
2002-06-25,320.200012
2002-06-26,320.5
2002-06-27,319.200012
2002-06-28,313.5
2002-07-01,314
2002-07-02,312.799988
2002-07-03,310.899994
2002-07-08,312.100006
2002-07-09,316.100006
2002-07-10,314.700012
2002-07-11,317.200012
2002-07-12,315.600006
2002-07-15,319.600006
2002-07-16,317.200012
2002-07-17,317.399994
2002-07-18,317
2002-07-19,323.899994
2002-07-22,323.600006
2002-07-23,312.700012
2002-07-24,311.5
2002-07-25,309.799988
2002-07-26,303.399994
2002-07-29,302.5
2002-07-30,303.700012
2002-07-31,303.200012
2002-08-01,304
2002-08-02,307
2002-08-05,307.799988
2002-08-06,305.5
2002-08-07,314.299988
2002-08-08,310.399994
2002-08-09,314.200012
2002-08-12,314.100006
2002-08-13,314.200012
2002-08-14,311.799988
2002-08-15,314.299988
2002-08-16,313.700012
2002-08-19,306
2002-08-20,308.700012
2002-08-21,307.600006
2002-08-22,306.600006
2002-08-23,306.700012
2002-08-26,309.399994
2002-08-27,312.299988
2002-08-28,309.399994
2002-08-29,312.899994
2002-08-30,312.399994
2002-09-03,313.399994
2002-09-04,314.899994
2002-09-05,318.200012
2002-09-06,319.899994
2002-09-09,321.299988
2002-09-10,317.899994
2002-09-11,316.600006
2002-09-12,318.899994
2002-09-13,316.600006
2002-09-16,317.100006
2002-09-17,317
2002-09-18,320.600006
2002-09-19,322.600006
2002-09-20,321.899994
2002-09-23,323
2002-09-24,325.899994
2002-09-25,322.200012
2002-09-26,320.299988
2002-09-27,319.700012
2002-09-30,323.899994
2002-10-01,320.899994
2002-10-02,321.5
2002-10-03,321.100006
2002-10-04,322.100006
2002-10-07,321.899994
2002-10-08,318.200012
2002-10-09,319.600006
2002-10-10,316.5
2002-10-11,316.299988
2002-10-14,317.799988
2002-10-15,312.600006
2002-10-16,314
2002-10-17,311.600006
2002-10-18,312.700012
2002-10-21,310.899994
2002-10-22,313
2002-10-23,312
2002-10-24,310.700012
2002-10-25,313.399994
2002-10-28,315.200012
2002-10-29,317.700012
2002-10-30,316.5
2002-10-31,318
2002-11-01,318.799988
2002-11-04,318.299988
2002-11-05,318.200012
2002-11-06,317.5
2002-11-07,320.5
2002-11-08,321.299988
2002-11-11,321.200012
2002-11-12,324.5
2002-11-13,318.700012
2002-11-14,317.899994
2002-11-15,320.700012
2002-11-18,319.200012
2002-11-19,318.600006
2002-11-20,317.399994
2002-11-21,317.399994
2002-11-22,320.700012
2002-11-25,317.799988
2002-11-26,317.700012
2002-11-27,316.799988
2002-12-02,317.600006
2002-12-03,320.200012
2002-12-04,322.200012
2002-12-05,324.799988
2002-12-06,326.299988
2002-12-09,325.799988
2002-12-10,323.5
2002-12-11,324.799988
2002-12-12,331.399994
2002-12-13,333.200012
2002-12-16,337
2002-12-17,337.399994
2002-12-18,342.100006
2002-12-19,345.899994
2002-12-20,340.5
2002-12-23,345.100006
2002-12-24,346.799988
2002-12-26,348.899994
2002-12-27,349.200012
2002-12-30,343.399994
2002-12-31,347.600006
2003-01-02,346.100006
2003-01-03,351.200012
2003-01-06,351.700012
2003-01-07,347.299988
2003-01-08,353.899994
2003-01-09,353.299988
2003-01-10,354.5
2003-01-13,354.700012
2003-01-14,352
2003-01-15,350.700012
2003-01-16,357.700012
2003-01-17,356.600006
2003-01-21,357.299988
2003-01-22,359.700012
2003-01-23,364.5
2003-01-24,368.200012
2003-01-27,369.399994
2003-01-28,370
2003-01-29,366.299988
2003-01-30,368.600006
2003-01-31,368.299988
2003-02-03,370.799988
2003-02-04,379
2003-02-05,376.399994
2003-02-06,370.100006
2003-02-07,369.899994
2003-02-10,363.700012
2003-02-11,362.5
2003-02-12,352.600006
2003-02-13,357.399994
2003-02-14,351.899994
2003-02-18,344.200012
2003-02-19,349.899994
2003-02-20,353.100006
2003-02-21,351.799988
2003-02-24,356.299988
2003-02-25,352.299988
2003-02-26,354
2003-02-27,346.100006
2003-02-28,350.200012
2003-03-03,349.200012
2003-03-04,353.200012
2003-03-05,353.100006
2003-03-06,356.799988
2003-03-07,350.799988
2003-03-10,354.700012
2003-03-11,350.5
2003-03-12,346.5
2003-03-13,335.899994
2003-03-14,336.5
2003-03-17,337.100006
2003-03-18,337.600006
2003-03-19,336.100006
2003-03-20,332.899994
2003-03-21,326
2003-03-24,329.5
2003-03-25,328.399994
2003-03-26,330.299988
2003-03-27,328.700012
2003-03-28,328.700012
2003-03-31,335.899994
2003-04-01,334.299988
2003-04-02,329.600006
2003-04-03,324.899994
2003-04-04,325.299988
2003-04-07,321.5
2003-04-08,322.200012
2003-04-09,325.600006
2003-04-10,326.700012
2003-04-11,327.899994
2003-04-14,324.200012
2003-04-15,324.899994
2003-04-16,325.799988
2003-04-17,327.200012
2003-04-21,333.5
2003-04-22,334.399994
2003-04-23,331.5
2003-04-24,334.799988
2003-04-25,333.399994
2003-04-28,334.5
2003-04-29,333.700012
2003-04-30,339.100006
2003-05-01,342.100006
2003-05-02,341
2003-05-05,342.299988
2003-05-06,342.5
2003-05-07,341.899994
2003-05-08,348.399994
2003-05-09,348.600006
2003-05-12,351.600006
2003-05-13,350
2003-05-14,352.299988
2003-05-15,352.600006
2003-05-16,354.700012
2003-05-19,364.200012
2003-05-20,366.299988
2003-05-21,372
2003-05-22,368.100006
2003-05-23,368.799988
2003-05-27,367.799988
2003-05-28,365.200012
2003-05-29,369.600006
2003-05-30,364.5
2003-06-02,366
2003-06-03,365.200012
2003-06-04,362.600006
2003-06-05,368.600006
2003-06-06,363.700012
2003-06-09,361.799988
2003-06-10,352.200012
2003-06-11,355.5
2003-06-12,353.299988
2003-06-13,356.600006
2003-06-16,359
2003-06-17,363.200012
2003-06-18,357.200012
2003-06-19,361.299988
2003-06-20,356.299988
2003-06-23,353
2003-06-24,346.299988
2003-06-25,349.299988
2003-06-26,343.899994
2003-06-27,345.200012
2003-06-30,346
2003-07-01,351.399994
2003-07-02,351.299988
2003-07-03,351
2003-07-07,348.100006
2003-07-08,344.100006
2003-07-09,343.600006
2003-07-10,344.299988
2003-07-11,344.799988
2003-07-14,347.700012
2003-07-15,342.100006
2003-07-16,343.100006
2003-07-17,344.200012
2003-07-18,347.200012
2003-07-21,350.899994
2003-07-22,350.600006
2003-07-23,358.600006
2003-07-24,362.200012
2003-07-25,362.700012
2003-07-28,364.799988
2003-07-29,361.700012
2003-07-30,356.200012
2003-07-31,354
2003-08-01,346.100006
2003-08-04,349.200012
2003-08-05,349.600006
2003-08-06,350.799988
2003-08-07,352.5
2003-08-08,356.299988
2003-08-11,361.700012
2003-08-12,358.5
2003-08-13,362.100006
2003-08-14,366
2003-08-15,363.200012
2003-08-18,358.399994
2003-08-19,361.600006
2003-08-20,365.600006
2003-08-21,360.600006
2003-08-22,363.100006
2003-08-25,361.299988
2003-08-26,365.799988
2003-08-27,373.5
2003-08-28,370.5
2003-08-29,375.700012
2003-09-02,373.200012
2003-09-03,373.899994
2003-09-04,372.899994
2003-09-05,377.600006
2003-09-08,375.100006
2003-09-09,381.700012
2003-09-10,380
2003-09-11,379.700012
2003-09-12,375.799988
2003-09-15,374.5
2003-09-16,373.5
2003-09-17,376.200012
2003-09-18,376.600006
2003-09-19,381.799988
2003-09-22,387.200012
2003-09-23,385.899994
2003-09-24,387.5
2003-09-25,385
2003-09-26,380.799988
2003-09-29,382.399994
2003-09-30,385.399994
2003-10-01,384.299988
2003-10-02,383.100006
2003-10-03,369.399994
2003-10-06,372.700012
2003-10-07,377.200012
2003-10-08,375.399994
2003-10-09,369.200012
2003-10-10,373.600006
2003-10-13,375.200012
2003-10-14,375.700012
2003-10-15,372.600006
2003-10-16,372.700012
2003-10-17,371.799988
2003-10-20,374
2003-10-21,381.700012
2003-10-22,386.5
2003-10-23,384.700012
2003-10-24,388.899994
2003-10-27,387.899994
2003-10-28,383.200012
2003-10-29,386.799988
2003-10-30,384.299988
2003-10-31,384.5
2003-11-03,377
2003-11-04,379.899994
2003-11-05,382.600006
2003-11-06,380.600006
2003-11-07,383.299988
2003-11-10,386.600006
2003-11-11,388.100006
2003-11-12,394.899994
2003-11-13,394.100006
2003-11-14,397.799988
2003-11-17,391.5
2003-11-18,397.600006
2003-11-19,394.899994
2003-11-20,393.700012
2003-11-21,396
2003-11-24,391.5
2003-11-25,391.100006
2003-11-26,396.799988
2003-12-01,402.700012
2003-12-02,403.700012
2003-12-03,403.899994
2003-12-04,403.299988
2003-12-05,406.399994
2003-12-08,406.600006
2003-12-09,408.200012
2003-12-10,406.200012
2003-12-11,404.600006
2003-12-12,409.399994
2003-12-15,409.200012
2003-12-16,407.700012
2003-12-17,412
2003-12-18,410.399994
2003-12-19,409.200012
2003-12-22,410.600006
2003-12-23,411
2003-12-24,412.299988
2003-12-29,414.799988
2003-12-30,416.899994
2003-12-31,415.700012
2004-01-05,424.399994
2004-01-06,422.799988
2004-01-07,421.899994
2004-01-08,424
2004-01-09,426.399994
2004-01-12,426.299988
2004-01-13,423.700012
2004-01-14,421.700012
2004-01-15,408.399994
2004-01-16,406.700012
2004-01-20,412.700012
2004-01-21,411.100006
2004-01-22,410
2004-01-23,407.899994
2004-01-26,406.600006
2004-01-27,410
2004-01-28,414.5
2004-01-29,398.5
2004-01-30,402.200012
2004-02-02,398.700012
2004-02-03,399.200012
2004-02-04,401
2004-02-05,398.100006
2004-02-06,403.600006
2004-02-09,406.799988
2004-02-10,406.399994
2004-02-11,410.200012
2004-02-12,413.700012
2004-02-13,410.299988
2004-02-17,416
2004-02-18,412.299988
2004-02-19,409.799988
2004-02-20,397.5
2004-02-23,399
2004-02-24,404.5
2004-02-25,395.799988
2004-02-26,395.799988
2004-02-27,396.399994
2004-03-01,399.299988
2004-03-02,393.5
2004-03-03,392.399994
2004-03-04,392.899994
2004-03-05,401.299988
2004-03-08,400.600006
2004-03-09,404.200012
2004-03-10,400
2004-03-11,400.700012
2004-03-12,395.299988
2004-03-15,399.399994
2004-03-16,402.399994
2004-03-17,406.899994
2004-03-18,411.100006
2004-03-19,412.5
2004-03-22,417.399994
2004-03-23,419.799988
2004-03-24,417.200012
2004-03-25,416.700012
2004-03-26,422.100006
2004-03-29,417.100006
2004-03-30,421.700012
2004-03-31,427.299988
2004-04-01,427.799988
2004-04-02,421.600006
2004-04-05,415.399994
2004-04-06,418.899994
2004-04-07,422.799988
2004-04-08,419.899994
2004-04-12,420.100006
2004-04-13,407
2004-04-14,399.799988
2004-04-15,397.700012
2004-04-16,401
2004-04-19,400.600006
2004-04-20,397.700012
2004-04-21,390.799988
2004-04-22,393.299988
2004-04-23,395.100006
2004-04-26,396
2004-04-27,398.600006
2004-04-28,385.399994
2004-04-29,386.600006
2004-04-30,387
2004-05-03,387
2004-05-04,391.399994
2004-05-05,393.399994
2004-05-06,388
2004-05-07,378.700012
2004-05-10,378.299988
2004-05-11,376.899994
2004-05-12,377.399994
2004-05-13,374.799988
2004-05-14,377
2004-05-17,379.5
2004-05-18,375.799988
2004-05-19,382.899994
2004-05-20,378.399994
2004-05-21,384.799988
2004-05-24,385.600006
2004-05-25,388.299988
2004-05-26,388.299988
2004-05-27,394.899994
2004-05-28,394
2004-06-01,394.600006
2004-06-02,390.700012
2004-06-03,388.100006
2004-06-04,390.899994
2004-06-07,393.799988
2004-06-08,391
2004-06-09,384.5
2004-06-10,385.899994
2004-06-14,383.600006
2004-06-15,388.100006
2004-06-16,384.600006
2004-06-17,388.899994
2004-06-18,395.100006
2004-06-21,394
2004-06-22,395
2004-06-23,395
2004-06-24,403.100006
2004-06-25,402.899994
2004-06-28,401
2004-06-29,392.5
2004-06-30,392.600006
2004-07-01,396
2004-07-02,398.299988
2004-07-06,392.600006
2004-07-07,402.299988
2004-07-08,407.799988
2004-07-09,407.5
2004-07-12,408.100006
2004-07-13,402
2004-07-14,405.399994
2004-07-15,404.200012
2004-07-16,406.600006
2004-07-19,405.600006
2004-07-20,401.899994
2004-07-21,397.100006
2004-07-22,395.200012
2004-07-23,390.5
2004-07-26,390.299988
2004-07-27,387
2004-07-28,389
2004-07-29,387
2004-07-30,391
2004-08-02,391.700012
2004-08-03,394
2004-08-04,392.200012
2004-08-05,392.299988
2004-08-06,399.799988
2004-08-09,400.700012
2004-08-10,400
2004-08-11,395.5
2004-08-12,394.299988
2004-08-13,398.899994
2004-08-16,402.899994
2004-08-17,404.399994
2004-08-18,404.299988
2004-08-19,407.100006
2004-08-20,413.200012
2004-08-23,410.5
2004-08-24,403
2004-08-25,407.899994
2004-08-26,407.399994
2004-08-27,403.299988
2004-08-30,407.799988
2004-08-31,410.399994
2004-09-01,408.799988
2004-09-02,406
2004-09-03,400.5
2004-09-07,397.399994
2004-09-08,399.399994
2004-09-09,398.5
2004-09-10,401.899994
2004-09-13,404.100006
2004-09-14,405.700012
2004-09-15,405
2004-09-16,404.700012
2004-09-17,405.799988
2004-09-20,405.299988
2004-09-21,408.299988
2004-09-22,407.200012
2004-09-23,410.899994
2004-09-24,408.100006
2004-09-27,409.100006
2004-09-28,412.5
2004-09-29,413
2004-09-30,418.700012
2004-10-01,419.5
2004-10-04,414
2004-10-05,418.200012
2004-10-06,418.399994
2004-10-07,418
2004-10-08,423.100006
2004-10-11,422
2004-10-12,415.100006
2004-10-13,413.200012
2004-10-14,418.100006
2004-10-15,418.700012
2004-10-18,416.200012
2004-10-19,420.299988
2004-10-20,423.5
2004-10-21,424.399994
2004-10-22,424.600006
2004-10-25,429
2004-10-26,426.799988
2004-10-27,424.799988
2004-10-28,425.100006
2004-10-29,428.5
2004-11-01,427.299988
2004-11-02,420
2004-11-03,424.600006
2004-11-04,430.100006
2004-11-05,433.600006
2004-11-08,432.700012
2004-11-09,435.700012
2004-11-10,434
2004-11-11,434.899994
2004-11-12,437.899994
2004-11-15,437
2004-11-16,440.200012
2004-11-17,444.799988
2004-11-18,442.600006
2004-11-19,446.799988
2004-11-22,448.799988
2004-11-23,447.799988
2004-11-24,449.299988
2004-11-29,453.700012
2004-11-30,451.299988
2004-12-01,454
2004-12-02,450.399994
2004-12-03,456
2004-12-06,454.200012
2004-12-07,452
2004-12-08,437.200012
2004-12-09,435.799988
2004-12-10,433.899994
2004-12-13,438.899994
2004-12-14,435.899994
2004-12-15,440.799988
2004-12-16,436.899994
2004-12-17,441.600006
2004-12-20,442.399994
2004-12-21,441.799988
2004-12-22,440.299988
2004-12-23,441.899994
2004-12-27,445.200012
2004-12-28,444.299988
2004-12-29,436
2004-12-30,437.5
2005-01-03,428.700012
2005-01-04,428.5
2005-01-05,426.600006
2005-01-06,421
2005-01-07,418.899994
2005-01-10,419.100006
2005-01-11,421.899994
2005-01-12,426.100006
2005-01-13,424.5
2005-01-14,422.700012
2005-01-18,423.200012
2005-01-19,423
2005-01-20,422.399994
2005-01-21,426.700012
2005-01-24,426.899994
2005-01-25,422
2005-01-26,426.899994
2005-01-27,426.299988
2005-01-28,425.799988
2005-01-31,421.799988
2005-02-01,420.799988
2005-02-02,421.100006
2005-02-03,416.600006
2005-02-04,414
2005-02-07,413.600006
2005-02-08,412.600006
2005-02-09,412.899994
2005-02-10,417.200012
2005-02-11,420.5
2005-02-14,425.799988
2005-02-15,425.899994
2005-02-16,425.5
2005-02-17,427.299988
2005-02-18,427.100006
2005-02-22,434.5
2005-02-23,434.899994
2005-02-24,434.5
2005-02-25,434.899994
2005-02-28,436.5
2005-03-01,432.899994
2005-03-02,432.799988
2005-03-03,429.899994
2005-03-04,434.200012
2005-03-07,435
2005-03-08,440.299988
2005-03-09,442.100006
2005-03-10,442.799988
2005-03-11,446.200012
2005-03-14,441.100006
2005-03-15,440.899994
2005-03-16,443.700012
2005-03-17,438.700012
2005-03-18,439.299988
2005-03-21,431.100006
2005-03-22,431.299988
2005-03-23,425.200012
2005-03-24,424.700012
2005-03-28,425.899994
2005-03-29,426
2005-03-31,428.700012
2005-04-01,425.899994
2005-04-04,423.899994
2005-04-05,424.5
2005-04-06,427.100006
2005-04-07,426.5
2005-04-08,426.899994
2005-04-11,428.600006
2005-04-12,427.600006
2005-04-13,429.299988
2005-04-14,424
2005-04-15,424.899994
2005-04-18,427.5
2005-04-19,432.899994
2005-04-20,435.299988
2005-04-21,433
2005-04-22,434.299988
2005-04-25,434.600006
2005-04-26,437.899994
2005-04-27,433
2005-04-29,435
2005-05-02,429.5
2005-05-03,426.700012
2005-05-04,429
2005-05-05,429.799988
2005-05-06,426.100006
2005-05-09,426.200012
2005-05-10,427.200012
2005-05-11,427.200012
2005-05-12,421.600006
2005-05-13,420.200012
2005-05-16,418.899994
2005-05-17,419.399994
2005-05-18,421.5
2005-05-19,420.5
2005-05-20,417.399994
2005-05-23,416.600006
2005-05-24,417.5
2005-05-25,418.799988
2005-05-26,418
2005-05-27,419.799988
2005-05-31,416.299988
2005-06-01,415.299988
2005-06-02,422.700012
2005-06-03,423.700012
2005-06-06,426.5
2005-06-07,424.799988
2005-06-08,424.700012
2005-06-09,424.200012
2005-06-10,427.399994
2005-06-13,429.299988
2005-06-14,427.5
2005-06-15,429.100006
2005-06-16,436.200012
2005-06-17,438.299988
2005-06-20,438.399994
2005-06-21,438.899994
2005-06-22,438.100006
2005-06-23,441.700012
2005-06-24,440.5
2005-06-27,440.299988
2005-06-28,436.399994
2005-06-30,435.899994
2005-07-01,427.799988
2005-07-05,422.899994
2005-07-06,423.5
2005-07-07,423.299988
2005-07-08,422.899994
2005-07-11,425.5
2005-07-12,426.299988
2005-07-13,423.899994
2005-07-14,419.600006
2005-07-15,420.700012
2005-07-18,420.5
2005-07-19,419.700012
2005-07-20,421.700012
2005-07-21,425.399994
2005-07-22,424.700012
2005-07-25,425.700012
2005-07-26,423.399994
2005-07-27,424.700012
2005-07-28,427.299988
2005-07-29,429.899994
2005-08-01,431.899994
2005-08-02,431.899994
2005-08-03,436.899994
2005-08-04,437.899994
2005-08-05,437.200012
2005-08-08,434.700012
2005-08-09,434.200012
2005-08-10,436.5
2005-08-11,445.5
2005-08-12,445.899994
2005-08-15,442.200012
2005-08-16,446.100006
2005-08-17,439.899994
2005-08-18,439.5
2005-08-19,437.200012
2005-08-22,438.100006
2005-08-23,439.399994
2005-08-24,437.299988
2005-08-25,438.399994
2005-08-26,437.399994
2005-08-29,437
2005-08-30,431.200012
2005-08-31,433.799988
2005-09-01,442.299988
2005-09-02,444.200012
2005-09-06,444.399994
2005-09-07,444.899994
2005-09-08,446.700012
2005-09-09,449
2005-09-12,449.700012
2005-09-13,446.100006
2005-09-14,449.799988
2005-09-15,455.5
2005-09-16,459.5
2005-09-19,466.700012
2005-09-20,466.200012
2005-09-21,468.899994
2005-09-22,466.600006
2005-09-23,463.5
2005-09-26,465.899994
2005-09-27,462.600006
2005-09-28,469.700012
2005-09-29,472.200012
2005-09-30,469
2005-10-03,466.100006
2005-10-04,466.100006
2005-10-05,466.100006
2005-10-06,471.899994
2005-10-07,474.700012
2005-10-10,475.100006
2005-10-11,477.100006
2005-10-12,473.899994
2005-10-13,471.100006
2005-10-14,469.200012
2005-10-17,474.100006
2005-10-18,472.100006
2005-10-19,463.5
2005-10-20,461
2005-10-21,467
2005-10-24,465
2005-10-25,472.799988
2005-10-26,471.200012
2005-10-27,473.799988
2005-10-28,473
2005-10-31,465.100006
2005-11-01,458.799988
2005-11-02,462.799988
2005-11-03,460.100006
2005-11-04,456.299988
2005-11-07,459
2005-11-08,460.899994
2005-11-09,466.299988
2005-11-10,466.600006
2005-11-11,468.299988
2005-11-14,468.200012
2005-11-15,468.100006
2005-11-16,478.299988
2005-11-17,486.200012
2005-11-18,485.600006
2005-11-21,489
2005-11-22,492.600006
2005-11-23,492.100006
2005-11-28,498.299988
2005-11-29,499.100006
2005-11-30,494.600006
2005-12-01,502.5
2005-12-02,503.299988
2005-12-05,508.899994
2005-12-06,510.200012
2005-12-07,514.299988
2005-12-08,519.299988
2005-12-09,527
2005-12-12,528.400024
2005-12-13,521
2005-12-14,506.5
2005-12-15,503.899994
2005-12-16,503.399994
2005-12-19,503.600006
2005-12-20,494.600006
2005-12-21,493
2005-12-22,502.700012
2005-12-23,503
2005-12-27,508
2005-12-28,514.200012
2005-12-29,515.700012
2005-12-30,517.099976
2006-01-03,530.700012
2006-01-04,533.900024
2006-01-05,526.299988
2006-01-06,539.700012
2006-01-09,549.099976
2006-01-10,544.299988
2006-01-11,548.799988
2006-01-12,548.299988
2006-01-13,556.099976
2006-01-17,553.400024
2006-01-18,543.700012
2006-01-19,558.400024
2006-01-20,553.5
2006-01-23,558.299988
2006-01-24,557.700012
2006-01-25,562.200012
2006-01-26,559.700012
2006-01-27,558.700012
2006-01-30,565.799988
2006-01-31,570.799988
2006-02-01,569.400024
2006-02-02,572.5
2006-02-03,567.400024
2006-02-06,570.200012
2006-02-07,551
2006-02-08,550.099976
2006-02-09,564.5
2006-02-10,550.200012
2006-02-13,539
2006-02-14,545.900024
2006-02-15,539.700012
2006-02-16,546
2006-02-17,551.799988
2006-02-21,553.900024
2006-02-22,553.900024
2006-02-23,548.400024
2006-02-24,558.799988
2006-02-27,554.700012
2006-02-28,561.599976
2006-03-01,563.5
2006-03-02,568.200012
2006-03-03,566
2006-03-06,554.900024
2006-03-07,552.700012
2006-03-08,542.5
2006-03-09,545.5
2006-03-10,539.900024
2006-03-13,546.099976
2006-03-14,551.700012
2006-03-15,553.099976
2006-03-16,554.400024
2006-03-17,554.099976
2006-03-20,555.200012
2006-03-21,552.400024
2006-03-22,550.900024
2006-03-23,550.099976
2006-03-24,560
2006-03-27,567
2006-03-28,566.599976
2006-03-29,573
2006-03-30,586.700012
2006-03-31,581.799988
2006-04-03,589.400024
2006-04-04,586
2006-04-05,587.900024
2006-04-06,595.200012
2006-04-07,588.400024
2006-04-10,597.599976
2006-04-11,595.200012
2006-04-12,597.5
2006-04-13,596.5
2006-04-17,615.400024
2006-04-18,620
2006-04-19,632.599976
2006-04-20,619.799988
2006-04-21,632.200012
2006-04-24,620.599976
2006-04-25,631
2006-04-26,638.799988
2006-04-27,633.299988
2006-04-28,651.799988
2006-05-01,657.5
2006-05-02,664.700012
2006-05-03,665.900024
2006-05-04,674.200012
2006-05-05,682.200012
2006-05-08,677.799988
2006-05-09,699.400024
2006-05-10,703.700012
2006-05-11,719.799988
2006-05-12,710.299988
2006-05-15,683.599976
2006-05-16,691.5
2006-05-17,690.5
2006-05-18,679.599976
2006-05-19,656.700012
2006-05-22,657
2006-05-23,673
2006-05-24,637
2006-05-25,648.400024
2006-05-26,650.900024
2006-05-30,653.900024
2006-05-31,642.5
2006-06-01,627.599976
2006-06-02,635.5
2006-06-05,643.200012
2006-06-06,629.400024
2006-06-07,627.400024
2006-06-08,609.099976
2006-06-09,608.200012
2006-06-12,606.799988
2006-06-13,562.5
2006-06-14,562.299988
2006-06-15,566.5
2006-06-16,578
2006-06-19,568.799988
2006-06-20,576.900024
2006-06-21,587.5
2006-06-22,582.200012
2006-06-23,584.799988
2006-06-26,584.799988
2006-06-27,581.599976
2006-06-28,578.299988
2006-06-29,586.5
2006-06-30,613.5
2006-07-05,627.299988
2006-07-06,634.099976
2006-07-07,632.799988
2006-07-10,624.099976
2006-07-11,641.200012
2006-07-12,649.400024
2006-07-13,652.900024
2006-07-14,666.599976
2006-07-17,650.599976
2006-07-18,628.299988
2006-07-19,641.599976
2006-07-20,631.700012
2006-07-21,619.599976
2006-07-24,612.700012
2006-07-25,617.599976
2006-07-26,621.599976
2006-07-27,632.400024
2006-07-28,634.799988
2006-07-31,634.200012
2006-08-01,646.299988
2006-08-02,651.599976
2006-08-03,644.900024
2006-08-04,644
2006-08-07,647.799988
2006-08-08,645.700012
2006-08-09,650.5
2006-08-10,634.900024
2006-08-11,633.5
2006-08-14,628.5
2006-08-15,622.5
2006-08-16,628.700012
2006-08-17,615.400024
2006-08-18,612.099976
2006-08-21,625.700012
2006-08-22,624.599976
2006-08-23,623.700012
2006-08-24,619.5
2006-08-25,622
2006-08-28,615.299988
2006-08-29,610.700012
2006-08-30,617.700012
2006-08-31,625.900024
2006-09-01,624.400024
2006-09-04,624.400024
2006-09-05,638.5
2006-09-06,633.5
2006-09-07,617
2006-09-08,609.599976
2006-09-11,590
2006-09-12,586.900024
2006-09-13,589.099976
2006-09-14,579.299988
2006-09-15,576.400024
2006-09-18,586.200012
2006-09-19,576.799988
2006-09-20,580
2006-09-21,582.200012
2006-09-22,589.400024
2006-09-25,589.900024
2006-09-26,591.200012
2006-09-27,597.299988
2006-09-28,605
2006-09-29,598.599976
2006-10-02,597.700012
2006-10-03,576.299988
2006-10-04,562
2006-10-05,571
2006-10-06,572.400024
2006-10-09,578.400024
2006-10-10,571.900024
2006-10-11,572.299988
2006-10-12,576.299988
2006-10-13,588.799988
2006-10-16,594.700012
2006-10-17,589.700012
2006-10-18,588.900024
2006-10-19,599
2006-10-20,593
2006-10-23,579.700012
2006-10-24,584.400024
2006-10-25,587.599976
2006-10-26,596.799988
2006-10-27,598.200012
2006-10-30,604.700012
2006-10-31,604.099976
2006-11-01,616.599976
2006-11-02,625.400024
2006-11-03,626.900024
2006-11-06,625.799988
2006-11-07,625.700012
2006-11-08,616.400024
2006-11-09,635
2006-11-10,628.400024
2006-11-13,624.200012
2006-11-14,623.799988
2006-11-15,622.5
2006-11-16,620.599976
2006-11-17,621.5
2006-11-20,621.200012
2006-11-21,628.200012
2006-11-22,628.700012
2006-11-24,628.700012
2006-11-28,637.200012
2006-11-29,635.5
2006-11-30,646.900024
2006-12-01,644.700012
2006-12-04,645.200012
2006-12-05,642.299988
2006-12-06,630.5
2006-12-07,631.900024
2006-12-08,626.099976
2006-12-11,630
2006-12-12,627
2006-12-13,627.900024
2006-12-14,626.599976
2006-12-15,615
2006-12-18,614
2006-12-19,621.599976
2006-12-20,620.599976
2006-12-21,618.200012
2006-12-22,619.099976
2006-12-26,623.700012
2006-12-27,627.200012
2006-12-28,634.099976
2006-12-29,635.200012
2007-01-02,635.200012
2007-01-03,627.099976
2007-01-04,623.900024
2007-01-05,604.900024
2007-01-08,607.5
2007-01-09,613.099976
2007-01-10,611.599976
2007-01-11,612.400024
2007-01-12,625.5
2007-01-16,624.599976
2007-01-17,632.099976
2007-01-18,627.099976
2007-01-19,635.5
2007-01-22,633.299988
2007-01-23,645.200012
2007-01-24,647.599976
2007-01-25,647.799988
2007-01-26,644.5
2007-01-29,643.099976
2007-01-30,644.200012
2007-01-31,652
2007-02-01,657.400024
2007-02-02,646.200012
2007-02-05,650.900024
2007-02-06,653.599976
2007-02-07,652.299988
2007-02-08,658
2007-02-09,667.5
2007-02-12,662.599976
2007-02-13,663.900024
2007-02-14,667.400024
2007-02-15,667.299988
2007-02-16,668.799988
2007-02-20,657.099976
2007-02-21,680.200012
2007-02-22,679.400024
2007-02-23,683.099976
2007-02-26,686.5
2007-02-27,683.900024
2007-02-28,669.400024
2007-03-01,662.299988
2007-03-02,641.5
2007-03-05,636.700012
2007-03-06,643.799988
2007-03-07,650.599976
2007-03-08,653.400024
2007-03-09,650
2007-03-12,648.400024
2007-03-13,647.599976
2007-03-14,640.900024
2007-03-15,645.700012
2007-03-16,652.599976
2007-03-19,653.099976
2007-03-20,657.900024
2007-03-21,659
2007-03-22,663.400024
2007-03-23,656.700012
2007-03-26,663.400024
2007-03-27,662.099976
2007-03-28,666.5
2007-03-29,661.5
2007-03-30,663
2007-04-02,665.700012
2007-04-03,664
2007-04-04,672.099976
2007-04-05,674.200012
2007-04-09,671.900024
2007-04-10,676.5
2007-04-11,676.799988
2007-04-12,675.099976
2007-04-13,685.400024
2007-04-16,690.099976
2007-04-17,688.200012
2007-04-18,689.099976
2007-04-19,684.299988
2007-04-20,692
2007-04-23,690.599976
2007-04-24,684.200012
2007-04-25,684.099976
2007-04-26,674.900024
2007-04-27,678.700012
2007-04-30,680.5
2007-05-01,674.400024
2007-05-02,672.299988
2007-05-03,681.799988
2007-05-04,687.200012
2007-05-07,688
2007-05-08,685.099976
2007-05-09,680.299988
2007-05-10,665.099976
2007-05-11,670.599976
2007-05-14,668.5
2007-05-15,673
2007-05-16,660.200012
2007-05-17,656.200012
2007-05-18,661
2007-05-21,662.900024
2007-05-22,659.099976
2007-05-23,661.900024
2007-05-24,653
2007-05-25,655.099976
2007-05-29,657.099976
2007-05-30,653.099976
2007-05-31,661
2007-06-01,671.200012
2007-06-04,670.700012
2007-06-05,669.599976
2007-06-06,669.299988
2007-06-07,660.099976
2007-06-08,645.5
2007-06-11,654.299988
2007-06-12,648.5
2007-06-13,648.200012
2007-06-14,651.599976
2007-06-15,654.5
2007-06-18,655.799988
2007-06-19,660.700012
2007-06-20,656.099976
2007-06-21,650.599976
2007-06-22,653.5
2007-06-25,651.299988
2007-06-26,642.099976
2007-06-27,641.700012
2007-06-28,647.5
2007-06-29,648.099976
2007-07-02,656.5
2007-07-03,652.900024
2007-07-05,648.400024
2007-07-06,652.700012
2007-07-09,660.5
2007-07-10,662.5
2007-07-11,660.299988
2007-07-12,666.700012
2007-07-13,665.799988
2007-07-16,665
2007-07-17,664.700012
2007-07-18,672.599976
2007-07-19,677.200012
2007-07-20,683.900024
2007-07-23,680.799988
2007-07-24,684.200012
2007-07-25,673.299988
2007-07-26,662.5
2007-07-27,660
2007-07-30,664.099976
2007-07-31,666.900024
2007-08-01,663.599976
2007-08-02,664.599976
2007-08-03,672.5
2007-08-06,671.5
2007-08-07,670.599976
2007-08-08,674.5
2007-08-09,661.400024
2007-08-10,670.299988
2007-08-13,669.700012
2007-08-14,668.599976
2007-08-15,668.900024
2007-08-16,648.299988
2007-08-17,656.900024
2007-08-20,656.700012
2007-08-21,656.700012
2007-08-22,659.099976
2007-08-23,658.900024
2007-08-24,668
2007-08-27,666.799988
2007-08-28,664.400024
2007-08-29,666.299988
2007-08-30,665
2007-08-31,673
2007-09-04,682.5
2007-09-05,681.700012
2007-09-06,695.599976
2007-09-07,700.799988
2007-09-10,703.299988
2007-09-11,712.200012
2007-09-12,711.900024
2007-09-13,709.5
2007-09-14,709.599976
2007-09-17,715.799988
2007-09-18,715.799988
2007-09-19,722
2007-09-20,732.400024
2007-09-21,731.400024
2007-09-24,732.099976
2007-09-25,731.599976
2007-09-26,728.299988
2007-09-27,732.700012
2007-09-28,742.799988
2007-10-01,747.200012
2007-10-02,729.799988
2007-10-03,729.299988
2007-10-04,737.799988
2007-10-05,741.299988
2007-10-08,732.799988
2007-10-09,737.400024
2007-10-10,740.400024
2007-10-11,751.299988
2007-10-12,748.700012
2007-10-15,757.099976
2007-10-16,757
2007-10-17,757.5
2007-10-18,764.099976
2007-10-19,764
2007-10-22,755.799988
2007-10-23,759
2007-10-24,761.599976
2007-10-25,767.299988
2007-10-26,783.900024
2007-10-29,789.099976
2007-10-30,784.299988
2007-10-31,792
2007-11-01,790.700012
2007-11-02,805.700012
2007-11-05,808.099976
2007-11-06,820.799988
2007-11-07,831
2007-11-08,835.200012
2007-11-09,832.5
2007-11-12,805.799988
2007-11-13,797.200012
2007-11-14,813
2007-11-15,785.900024
2007-11-16,785.700012
2007-11-19,776.799988
2007-11-20,790.299988
2007-11-21,797.599976
2007-11-23,824
2007-11-26,826
2007-11-27,813.700012
2007-11-28,800.099976
2007-11-29,795.299988
2007-11-30,782.200012
2007-12-03,788.299988
2007-12-04,801.299988
2007-12-05,797.5
2007-12-06,801.200012
2007-12-07,794.400024
2007-12-10,807.700012
2007-12-11,811.400024
2007-12-12,813.5
2007-12-13,799
2007-12-14,793.299988
2007-12-17,794.799988
2007-12-18,803
2007-12-19,801.099976
2007-12-20,799.200012
2007-12-21,811.599976
2007-12-24,812.799988
2007-12-26,826
2007-12-27,828.599976
2007-12-28,839.599976
2007-12-31,834.900024
2008-01-02,857
2008-01-03,866.400024
2008-01-04,863.099976
2008-01-07,859.599976
2008-01-08,878
2008-01-09,879.5
2008-01-10,891.700012
2008-01-11,896.099976
2008-01-14,901.599976
2008-01-15,901
2008-01-16,880.599976
2008-01-17,879.5
2008-01-18,880.799988
2008-01-22,889.599976
2008-01-23,882.5
2008-01-24,905.5
2008-01-25,910.5
2008-01-28,927.099976
2008-01-29,925.099976
2008-01-30,920.599976
2008-01-31,922.700012
2008-02-01,908.700012
2008-02-04,904.900024
2008-02-05,885.900024
2008-02-06,900.700012
2008-02-07,906.099976
2008-02-08,918.400024
2008-02-11,922.900024
2008-02-12,907.400024
2008-02-13,906.5
2008-02-14,907.400024
2008-02-15,902.799988
2008-02-19,926.599976
2008-02-20,934.599976
2008-02-21,946.099976
2008-02-22,944.700012
2008-02-25,937.599976
2008-02-26,946.099976
2008-02-27,958.200012
2008-02-28,964.5
2008-02-29,972.099976
2008-03-03,981.5
2008-03-04,963.900024
2008-03-05,986.200012
2008-03-06,975
2008-03-07,972.200012
2008-03-10,969.900024
2008-03-11,974.200012
2008-03-12,978.799988
2008-03-13,992.299988
2008-03-14,998.200012
2008-03-17,1001.400024
2008-03-18,1003.200012
2008-03-19,944.700012
2008-03-20,919.599976
2008-03-24,918.299988
2008-03-25,934.599976
2008-03-26,949
2008-03-27,948.799988
2008-03-28,930.599976
2008-03-31,916.200012
2008-04-01,882.900024
2008-04-02,895.200012
2008-04-03,905
2008-04-04,909
2008-04-07,922.700012
2008-04-08,914
2008-04-09,933.599976
2008-04-10,928.299988
2008-04-11,923.599976
2008-04-14,925.400024
2008-04-15,928.700012
2008-04-16,945.099976
2008-04-17,939.799988
2008-04-18,912.200012
2008-04-21,914.700012
2008-04-22,922.299988
2008-04-23,906.200012
2008-04-24,886.799988
2008-04-25,887.200012
2008-04-28,892.900024
2008-04-29,874.200012
2008-04-30,862.799988
2008-05-01,848.900024
2008-05-02,856.099976
2008-05-05,872.299988
2008-05-06,876
2008-05-07,869.599976
2008-05-08,880.599976
2008-05-09,884.5
2008-05-12,883.700012
2008-05-13,868.5
2008-05-14,865.400024
2008-05-15,879
2008-05-16,899
2008-05-19,905
2008-05-20,919.5
2008-05-21,928
2008-05-22,917.900024
2008-05-23,925.599976
2008-05-27,907.700012
2008-05-28,900.5
2008-05-29,877.200012
2008-05-30,887.299988
2008-06-02,892.900024
2008-06-03,881.599976
2008-06-04,879.900024
2008-06-05,871.799988
2008-06-06,895.400024
2008-06-09,894.700012
2008-06-10,867.900024
2008-06-11,879.700012
2008-06-12,869.200012
2008-06-13,870.299988
2008-06-16,883.599976
2008-06-17,884.299988
2008-06-18,890.900024
2008-06-19,901.700012
2008-06-20,901.299988
2008-06-23,884.799988
2008-06-24,889.200012
2008-06-25,880
2008-06-26,913.099976
2008-06-27,929.299988
2008-06-30,926.200012
2008-07-01,942.5
2008-07-02,944.799988
2008-07-03,931.900024
2008-07-07,927.299988
2008-07-08,921.900024
2008-07-09,927.299988
2008-07-10,940.900024
2008-07-11,959.5
2008-07-14,972.700012
2008-07-15,977.700012
2008-07-16,961.799988
2008-07-17,970
2008-07-18,957.299988
2008-07-21,963.099976
2008-07-22,948
2008-07-23,922.400024
2008-07-24,922
2008-07-25,926.599976
2008-07-28,927.599976
2008-07-29,916.400024
2008-07-30,902.900024
2008-07-31,913.900024
2008-08-01,909
2008-08-04,900.099976
2008-08-05,878.599976
2008-08-06,875.599976
2008-08-07,870.700012
2008-08-08,857.799988
2008-08-11,821.5
2008-08-12,808.200012
2008-08-13,825
2008-08-14,808.200012
2008-08-15,786
2008-08-18,799.700012
2008-08-19,811.099976
2008-08-20,810.299988
2008-08-21,833
2008-08-22,827.400024
2008-08-25,819.799988
2008-08-26,822.200012
2008-08-27,828.099976
2008-08-28,830.900024
2008-08-29,829.299988
2008-09-02,805
2008-09-03,802.700012
2008-09-04,797.900024
2008-09-05,797.599976
2008-09-08,797.5
2008-09-09,787.099976
2008-09-10,757.900024
2008-09-11,741.299988
2008-09-12,760.299988
2008-09-15,783.099976
2008-09-16,776.5
2008-09-17,846.599976
2008-09-18,892.700012
2008-09-19,860.599976
2008-09-22,903.900024
2008-09-23,885.5
2008-09-24,889
2008-09-25,877.700012
2008-09-26,882.900024
2008-09-29,888.200012
2008-09-30,874.200012
2008-10-01,880.700012
2008-10-02,839
2008-10-03,828.900024
2008-10-06,862.700012
2008-10-07,878.400024
2008-10-08,903.099976
2008-10-09,883.099976
2008-10-10,855.400024
2008-10-13,838.900024
2008-10-14,836.299988
2008-10-15,835.5
2008-10-16,801.5
2008-10-17,785.099976
2008-10-20,787.599976
2008-10-21,766.099976
2008-10-22,733.299988
2008-10-23,713.299988
2008-10-24,729.099976
2008-10-27,741.700012
2008-10-28,739.299988
2008-10-29,752.799988
2008-10-30,737.200012
2008-10-31,716.799988
2008-11-03,725.400024
2008-11-04,756
2008-11-05,741.299988
2008-11-06,731.200012
2008-11-07,733.200012
2008-11-10,745.599976
2008-11-11,732
2008-11-12,717.700012
2008-11-13,704.900024
2008-11-14,742.400024
2008-11-17,741.900024
2008-11-18,732.599976
2008-11-19,735.900024
2008-11-20,748.599976
2008-11-21,791.700012
2008-11-24,819.400024
2008-11-25,818.400024
2008-11-26,808.5
2008-11-28,816.200012
2008-12-01,774.599976
2008-12-02,781.299988
2008-12-03,768.799988
2008-12-04,763.799988
2008-12-05,750.5
2008-12-08,767.400024
2008-12-09,772.400024
2008-12-10,807.099976
2008-12-11,824.900024
2008-12-12,818.900024
2008-12-15,835.400024
2008-12-16,841.700012
2008-12-17,867.5
2008-12-18,859.599976
2008-12-19,836.400024
2008-12-22,846.200012
2008-12-23,837.200012
2008-12-24,847.099976
2008-12-26,870.400024
2008-12-29,874.599976
2008-12-30,869.299988
2008-12-31,883.599976
2009-01-02,878.799988
2009-01-05,857.200012
2009-01-06,865.400024
2009-01-07,841.099976
2009-01-08,853.900024
2009-01-09,854.299988
2009-01-12,820.299988
2009-01-13,820.099976
2009-01-14,808.200012
2009-01-15,806.700012
2009-01-16,839.299988
2009-01-20,854.599976
2009-01-21,849.599976
2009-01-22,858.200012
2009-01-23,895.299988
2009-01-26,908.5
2009-01-27,899.200012
2009-01-28,888.099976
2009-01-29,905.099976
2009-01-30,927.299988
2009-02-02,906.700012
2009-02-03,892
2009-02-04,901.599976
2009-02-05,913.599976
2009-02-06,913.900024
2009-02-09,892.400024
2009-02-10,913.700012
2009-02-11,943.799988
2009-02-12,948.5
2009-02-13,941.5
2009-02-17,967
2009-02-18,977.700012
2009-02-19,976.099976
2009-02-20,1001.799988
2009-02-23,994.599976
2009-02-24,969.099976
2009-02-25,965.700012
2009-02-26,941.799988
2009-02-27,941.5
2009-03-02,939
2009-03-03,912.900024
2009-03-04,906
2009-03-05,927
2009-03-06,942.099976
2009-03-09,917.700012
2009-03-10,895.599976
2009-03-11,910.400024
2009-03-12,923.700012
2009-03-13,929.799988
2009-03-16,921.599976
2009-03-17,916.400024
2009-03-18,888.700012
2009-03-19,958.299988
2009-03-20,955.799988
2009-03-23,952.099976
2009-03-24,923.299988
2009-03-25,935.400024
2009-03-26,939.599976
2009-03-27,923
2009-03-30,915.5
2009-03-31,922.599976
2009-04-01,926.099976
2009-04-02,907.400024
2009-04-03,895.599976
2009-04-06,871.5
2009-04-07,882.200012
2009-04-08,884.799988
2009-04-09,882.200012
2009-04-13,894.700012
2009-04-14,890.900024
2009-04-15,892.799988
2009-04-16,879.299988
2009-04-17,867.400024
2009-04-20,887
2009-04-21,882.099976
2009-04-22,891.799988
2009-04-23,905.900024
2009-04-24,913.599976
2009-04-27,907.400024
2009-04-28,892.799988
2009-04-29,899.799988
2009-04-30,890.700012
2009-05-01,887.599976
2009-05-04,901.599976
2009-05-05,903.700012
2009-05-06,910.5
2009-05-07,915
2009-05-08,914.400024
2009-05-11,913
2009-05-12,923.5
2009-05-13,925.5
2009-05-14,928
2009-05-15,930.900024
2009-05-18,921.299988
2009-05-19,926.299988
2009-05-20,937
2009-05-21,950.799988
2009-05-22,958.5
2009-05-26,953.099976
2009-05-27,953.200012
2009-05-28,961.5
2009-05-29,978.799988
2009-06-01,978.599976
2009-06-02,983.200012
2009-06-03,964.5
2009-06-04,981.200012
2009-06-05,961.700012
2009-06-08,951.700012
2009-06-09,954
2009-06-10,954
2009-06-11,961.299988
2009-06-12,940.099976
2009-06-15,926.900024
2009-06-16,931.599976
2009-06-17,935.400024
2009-06-18,934
2009-06-19,935.599976
2009-06-22,920.599976
2009-06-23,923.900024
2009-06-24,934.099976
2009-06-25,939.099976
2009-06-26,940.700012
2009-06-29,940.400024
2009-06-30,927.099976
2009-07-01,941
2009-07-02,930.700012
2009-07-06,924
2009-07-07,928.799988
2009-07-08,909
2009-07-09,915.900024
2009-07-10,912.200012
2009-07-13,922.200012
2009-07-14,922.5
2009-07-15,939.099976
2009-07-16,935.099976
2009-07-17,937.200012
2009-07-20,948.5
2009-07-21,946.599976
2009-07-22,953
2009-07-23,954.5
2009-07-24,952.799988
2009-07-27,953.299988
2009-07-28,939
2009-07-29,927.200012
2009-07-30,934.900024
2009-07-31,953.700012
2009-08-03,956.599976
2009-08-04,967.5
2009-08-05,964.200012
2009-08-06,960.700012
2009-08-07,957.299988
2009-08-10,945
2009-08-11,945.799988
2009-08-12,950.700012
2009-08-13,954.700012
2009-08-14,947
2009-08-17,934.299988
2009-08-18,937.700012
2009-08-19,943.299988
2009-08-20,940.299988
2009-08-21,953.200012
2009-08-24,942.299988
2009-08-25,944.5
2009-08-26,944.299988
2009-08-27,945.5
2009-08-28,957
2009-08-31,951.700012
2009-09-01,954.700012
2009-09-02,976.599976
2009-09-03,995.799988
2009-09-04,994.900024
2009-09-08,997.900024
2009-09-09,995.299988
2009-09-10,995.400024
2009-09-11,1004.900024
2009-09-14,999.900024
2009-09-15,1005
2009-09-16,1018.900024
2009-09-17,1012.299988
2009-09-18,1009.200012
2009-09-21,1003.700012
2009-09-22,1014.200012
2009-09-23,1013
2009-09-24,997.5
2009-09-25,990.200012
2009-09-28,992.5
2009-09-29,993.099976
2009-09-30,1008
2009-10-01,999.5
2009-10-02,1003.200012
2009-10-05,1016.700012
2009-10-06,1038.599976
2009-10-07,1043.300049
2009-10-08,1055.400024
2009-10-09,1047.800049
2009-10-12,1056.699951
2009-10-13,1064.199951
2009-10-14,1063.900024
2009-10-15,1049.800049
2009-10-16,1050.699951
2009-10-19,1057.300049
2009-10-20,1057.800049
2009-10-21,1063.699951
2009-10-22,1057.800049
2009-10-23,1055.599976
2009-10-26,1042.099976
2009-10-27,1034.699951
2009-10-28,1029.900024
2009-10-29,1046.400024
2009-10-30,1039.699951
2009-11-02,1053.400024
2009-11-03,1084.300049
2009-11-04,1086.699951
2009-11-05,1088.699951
2009-11-06,1095.099976
2009-11-09,1100.800049
2009-11-10,1101.900024
2009-11-11,1114
2009-11-12,1106
2009-11-13,1116.099976
2009-11-16,1138.599976
2009-11-17,1138.800049
2009-11-18,1140.699951
2009-11-19,1141.400024
2009-11-20,1146.400024
2009-11-23,1164.300049
2009-11-24,1165.5
2009-11-25,1186.900024
2009-11-27,1174.199951
2009-11-30,1181.099976
2009-12-01,1199.099976
2009-12-02,1212
2009-12-03,1217.400024
2009-12-04,1168.800049
2009-12-07,1163.400024
2009-12-08,1142.800049
2009-12-09,1120.400024
2009-12-10,1125.699951
2009-12-11,1119.400024
2009-12-14,1123.300049
2009-12-15,1122.400024
2009-12-16,1135.5
2009-12-17,1106.800049
2009-12-18,1110.800049
2009-12-21,1095.400024
2009-12-22,1086
2009-12-23,1093.300049
2009-12-24,1104.099976
2009-12-28,1107.199951
2009-12-29,1097
2009-12-30,1091.5
2009-12-31,1095.199951
2010-01-04,1117.699951
2010-01-05,1118.099976
2010-01-06,1135.900024
2010-01-07,1133.099976
2010-01-08,1138.199951
2010-01-11,1150.699951
2010-01-12,1128.900024
2010-01-13,1136.400024
2010-01-14,1142.599976
2010-01-15,1130.099976
2010-01-19,1139.699951
2010-01-20,1112.300049
2010-01-21,1102.699951
2010-01-22,1089.199951
2010-01-25,1095.199951
2010-01-26,1097.900024
2010-01-27,1084.400024
2010-01-28,1083.599976
2010-01-29,1083
2010-02-01,1104.300049
2010-02-02,1117.400024
2010-02-03,1111.400024
2010-02-04,1062.400024
2010-02-05,1052.199951
2010-02-08,1065.699951
2010-02-09,1076.699951
2010-02-10,1075.800049
2010-02-11,1094.199951
2010-02-12,1089.5
2010-02-16,1119.300049
2010-02-17,1119.5
2010-02-18,1118
2010-02-19,1121.300049
2010-02-22,1112.599976
2010-02-23,1102.699951
2010-02-24,1096.5
2010-02-25,1107.800049
2010-02-26,1118.300049
2010-03-01,1117.800049
2010-03-02,1136.900024
2010-03-03,1142.699951
2010-03-04,1132.599976
2010-03-05,1134.800049
2010-03-08,1123.599976
2010-03-09,1122
2010-03-10,1107.800049
2010-03-11,1108
2010-03-12,1101.5
2010-03-15,1105.099976
2010-03-16,1122.199951
2010-03-17,1124
2010-03-18,1127.400024
2010-03-19,1107.400024
2010-03-22,1099.300049
2010-03-23,1103.5
2010-03-24,1088.599976
2010-03-25,1092.699951
2010-03-26,1104.199951
2010-03-29,1110.300049
2010-03-30,1104.5
2010-03-31,1113.300049
2010-04-01,1125.099976
2010-04-05,1132.900024
2010-04-06,1135.099976
2010-04-07,1152.300049
2010-04-08,1152.199951
2010-04-09,1161.099976
2010-04-12,1161.599976
2010-04-13,1152.800049
2010-04-14,1159
2010-04-15,1159.699951
2010-04-16,1136.300049
2010-04-19,1135.199951
2010-04-20,1138.599976
2010-04-21,1148.199951
2010-04-22,1142.300049
2010-04-23,1153.099976
2010-04-26,1153.5
2010-04-27,1161.699951
2010-04-28,1171.300049
2010-04-29,1168.400024
2010-04-30,1180.099976
2010-05-03,1182.699951
2010-05-04,1168.599976
2010-05-05,1174.599976
2010-05-06,1196.900024
2010-05-07,1210
2010-05-10,1200.400024
2010-05-11,1219.900024
2010-05-12,1242.699951
2010-05-13,1228.800049
2010-05-14,1227.400024
2010-05-17,1227.699951
2010-05-18,1214.300049
2010-05-19,1192.599976
2010-05-20,1187.800049
2010-05-21,1175.699951
2010-05-24,1193.800049
2010-05-25,1197.800049
2010-05-26,1213.300049
2010-05-27,1211.900024
2010-05-28,1212.199951
2010-06-01,1224.800049
2010-06-02,1220.599976
2010-06-03,1208.300049
2010-06-04,1216.199951
2010-06-07,1239.300049
2010-06-08,1244
2010-06-09,1228.5
2010-06-10,1220.800049
2010-06-11,1228.900024
2010-06-14,1223.300049
2010-06-15,1233.199951
2010-06-16,1229.300049
2010-06-17,1247.5
2010-06-18,1257.199951
2010-06-21,1239.699951
2010-06-22,1239.900024
2010-06-23,1234.099976
2010-06-24,1245.5
2010-06-25,1255.800049
2010-06-28,1238.199951
2010-06-29,1242
2010-06-30,1245.5
2010-07-01,1206.300049
2010-07-02,1207.400024
2010-07-06,1194.800049
2010-07-07,1198.599976
2010-07-08,1195.800049
2010-07-09,1209.599976
2010-07-12,1198.5
2010-07-13,1213.300049
2010-07-14,1206.800049
2010-07-15,1208.099976
2010-07-16,1188
2010-07-19,1181.699951
2010-07-20,1191.5
2010-07-21,1191.599976
2010-07-22,1195.5
2010-07-23,1187.699951
2010-07-26,1183
2010-07-27,1158
2010-07-28,1160.400024
2010-07-29,1168.400024
2010-07-30,1181.699951
2010-08-02,1183.400024
2010-08-03,1185.199951
2010-08-04,1193.699951
2010-08-05,1197.199951
2010-08-06,1203.400024
2010-08-09,1200.699951
2010-08-10,1196.199951
2010-08-11,1197.5
2010-08-12,1214.800049
2010-08-13,1214.900024
2010-08-16,1224.5
2010-08-17,1226.599976
2010-08-18,1229.699951
2010-08-19,1233.800049
2010-08-20,1227.199951
2010-08-23,1226.900024
2010-08-24,1231.800049
2010-08-25,1239.5
2010-08-26,1235.400024
2010-08-27,1236
2010-08-30,1237.099976
2010-08-31,1248.300049
2010-09-01,1246.300049
2010-09-02,1251.5
2010-09-03,1249.199951
2010-09-07,1257.300049
2010-09-08,1255.599976
2010-09-09,1248.900024
2010-09-10,1244.5
2010-09-13,1245.099976
2010-09-14,1269.699951
2010-09-15,1266.699951
2010-09-16,1271.900024
2010-09-17,1275.599976
2010-09-20,1279
2010-09-21,1272.400024
2010-09-22,1290.199951
2010-09-23,1294.300049
2010-09-24,1296
2010-09-27,1296.699951
2010-09-28,1306.599976
2010-09-29,1308.5
2010-09-30,1307.800049
2010-10-01,1316.099976
2010-10-04,1315.400024
2010-10-05,1338.900024
2010-10-06,1346.400024
2010-10-07,1333.900024
2010-10-08,1344.199951
2010-10-11,1353.300049
2010-10-12,1345.699951
2010-10-13,1369.5
2010-10-14,1376.699951
2010-10-15,1371.099976
2010-10-18,1371.199951
2010-10-19,1335.099976
2010-10-20,1343.300049
2010-10-21,1324.699951
2010-10-22,1324.400024
2010-10-25,1338.300049
2010-10-26,1338
2010-10-27,1322.199951
2010-10-28,1342.099976
2010-10-29,1357.099976
2010-11-01,1350.199951
2010-11-02,1356.400024
2010-11-03,1337.099976
2010-11-04,1382.699951
2010-11-05,1397.300049
2010-11-08,1402.800049
2010-11-09,1409.800049
2010-11-10,1399.099976
2010-11-11,1403.099976
2010-11-12,1365.400024
2010-11-15,1368.400024
2010-11-16,1338.300049
2010-11-17,1336.800049
2010-11-18,1352.900024
2010-11-19,1352.199951
2010-11-22,1357.699951
2010-11-23,1377.5
2010-11-24,1372.900024
2010-11-26,1362.300049
2010-11-29,1366
2010-11-30,1385
2010-12-01,1387.300049
2010-12-02,1388.5
2010-12-03,1405.400024
2010-12-06,1415.300049
2010-12-07,1408.300049
2010-12-08,1382.5
2010-12-09,1392.099976
2010-12-10,1384.300049
2010-12-13,1397.300049
2010-12-14,1403.599976
2010-12-15,1385.5
2010-12-16,1370.400024
2010-12-17,1378.599976
2010-12-20,1385.5
2010-12-21,1388.199951
2010-12-22,1386.800049
2010-12-23,1380
2010-12-27,1382.400024
2010-12-28,1405.199951
2010-12-29,1413.099976
2010-12-30,1405.599976
2010-12-31,1421.099976
2011-01-03,1422.599976
2011-01-04,1378.5
2011-01-05,1373.400024
2011-01-06,1371.400024
2011-01-07,1368.5
2011-01-10,1373.699951
2011-01-11,1384
2011-01-12,1385.699951
2011-01-13,1386.900024
2011-01-14,1360.400024
2011-01-18,1368.099976
2011-01-19,1370.199951
2011-01-20,1346.5
2011-01-21,1341
2011-01-24,1344.5
2011-01-25,1332.300049
2011-01-26,1333
2011-01-27,1318.400024
2011-01-28,1340.699951
2011-01-31,1333.800049
2011-02-01,1339.599976
2011-02-02,1331.5
2011-02-03,1352.300049
2011-02-04,1348.300049
2011-02-07,1347.599976
2011-02-08,1363.400024
2011-02-09,1364.800049
2011-02-10,1361.900024
2011-02-11,1359.900024
2011-02-14,1364.599976
2011-02-15,1373.599976
2011-02-16,1374.699951
2011-02-17,1384.699951
2011-02-18,1388.199951
2011-02-22,1400.5
2011-02-23,1413.400024
2011-02-24,1415.300049
2011-02-25,1408.699951
2011-02-28,1409.300049
2011-03-01,1430.699951
2011-03-02,1437.199951
2011-03-03,1416
2011-03-04,1428.199951
2011-03-07,1434.099976
2011-03-08,1426.900024
2011-03-09,1429.300049
2011-03-10,1412.199951
2011-03-11,1421.5
2011-03-14,1424.599976
2011-03-15,1392.599976
2011-03-16,1396
2011-03-17,1404
2011-03-18,1415.900024
2011-03-21,1426.199951
2011-03-22,1427.5
2011-03-23,1437.900024
2011-03-24,1434.800049
2011-03-25,1426.099976
2011-03-28,1419.800049
2011-03-29,1416
2011-03-30,1423.800049
2011-03-31,1438.900024
2011-04-01,1428.099976
2011-04-04,1432.199951
2011-04-05,1451.800049
2011-04-06,1457.699951
2011-04-07,1458.5
2011-04-08,1473.400024
2011-04-11,1467.400024
2011-04-12,1452.900024
2011-04-13,1454.900024
2011-04-14,1471.699951
2011-04-15,1485.300049
2011-04-18,1492.300049
2011-04-19,1494.5
2011-04-20,1498.300049
2011-04-21,1503.199951
2011-04-25,1508.599976
2011-04-26,1503
2011-04-27,1516.699951
2011-04-28,1530.800049
2011-04-29,1556
2011-05-02,1556.699951
2011-05-03,1540.099976
2011-05-04,1514.900024
2011-05-05,1480.900024
2011-05-06,1491.199951
2011-05-09,1502.900024
2011-05-10,1516.599976
2011-05-11,1501.099976
2011-05-12,1506.599976
2011-05-13,1493.400024
2011-05-16,1490.400024
2011-05-17,1479.800049
2011-05-18,1495.599976
2011-05-19,1492.199951
2011-05-20,1508.800049
2011-05-23,1515.300049
2011-05-24,1523.199951
2011-05-25,1526.599976
2011-05-26,1522.800049
2011-05-27,1536.300049
2011-05-31,1535.900024
2011-06-01,1542.400024
2011-06-02,1532
2011-06-03,1541.699951
2011-06-06,1546.5
2011-06-07,1543.300049
2011-06-08,1538.099976
2011-06-09,1542.099976
2011-06-10,1528.599976
2011-06-13,1515
2011-06-14,1523.800049
2011-06-15,1525.599976
2011-06-16,1529.300049
2011-06-17,1538.599976
2011-06-20,1541.5
2011-06-21,1546
2011-06-22,1552.900024
2011-06-23,1520.099976
2011-06-24,1500.5
2011-06-27,1496
2011-06-28,1499.699951
2011-06-29,1509.900024
2011-06-30,1502.300049
2011-07-01,1482.300049
2011-07-05,1512.300049
2011-07-06,1528.699951
2011-07-07,1530.199951
2011-07-08,1541.199951
2011-07-11,1548.800049
2011-07-12,1561.900024
2011-07-13,1585.199951
2011-07-14,1589
2011-07-15,1589.800049
2011-07-18,1602.099976
2011-07-19,1600.900024
2011-07-20,1596.699951
2011-07-21,1586.800049
2011-07-22,1601.300049
2011-07-25,1612
2011-07-26,1616.599976
2011-07-27,1615
2011-07-28,1613.400024
2011-07-29,1628.300049
2011-08-01,1619
2011-08-02,1641.900024
2011-08-03,1663.400024
2011-08-04,1656.199951
2011-08-05,1648.800049
2011-08-08,1710.199951
2011-08-09,1740
2011-08-10,1781.300049
2011-08-11,1748.800049
2011-08-12,1740.199951
2011-08-15,1755.5
2011-08-16,1782.400024
2011-08-17,1791.199951
2011-08-18,1818.900024
2011-08-19,1848.900024
2011-08-22,1888.699951
2011-08-23,1858.300049
2011-08-24,1754.099976
2011-08-25,1759.800049
2011-08-26,1794.099976
2011-08-29,1788.400024
2011-08-30,1826.699951
2011-08-31,1828.5
2011-09-01,1826
2011-09-02,1873.699951
2011-09-06,1869.900024
2011-09-07,1814.199951
2011-09-08,1854.400024
2011-09-09,1856.400024
2011-09-12,1809.900024
2011-09-13,1826.800049
2011-09-14,1823.5
2011-09-15,1778.5
2011-09-16,1812.099976
2011-09-19,1776.400024
2011-09-20,1806.599976
2011-09-21,1805.5
2011-09-22,1739.199951
2011-09-23,1637.5
2011-09-26,1592.5
2011-09-27,1650.599976
2011-09-28,1616.300049
2011-09-29,1615.5
2011-09-30,1620.400024
2011-10-03,1656
2011-10-04,1614.699951
2011-10-05,1640.300049
2011-10-06,1651.900024
2011-10-07,1634.5
2011-10-10,1669.599976
2011-10-11,1659.699951
2011-10-12,1681.300049
2011-10-13,1667.300049
2011-10-14,1681.800049
2011-10-17,1675.5
2011-10-18,1651.699951
2011-10-19,1646
2011-10-20,1611.900024
2011-10-21,1635.099976
2011-10-24,1651.5
2011-10-25,1699.599976
2011-10-26,1722.699951
2011-10-27,1746.699951
2011-10-28,1746.199951
2011-10-31,1724.199951
2011-11-01,1711
2011-11-02,1728.699951
2011-11-03,1764.199951
2011-11-04,1755.300049
2011-11-07,1790.300049
2011-11-08,1798.400024
2011-11-09,1790.900024
2011-11-10,1758.900024
2011-11-11,1787.5
2011-11-14,1777.800049
2011-11-15,1781.699951
2011-11-16,1773.800049
2011-11-17,1719.800049
2011-11-18,1724.699951
2011-11-21,1678.300049
2011-11-22,1702.199951
2011-11-23,1695.699951
2011-11-25,1685.5
2011-11-28,1710.800049
2011-11-29,1713.400024
2011-11-30,1745.5
2011-12-01,1735.300049
2011-12-02,1747
2011-12-05,1730.699951
2011-12-06,1727.900024
2011-12-07,1740.900024
2011-12-08,1709.800049
2011-12-09,1712.800049
2011-12-12,1664.199951
2011-12-13,1659.900024
2011-12-14,1584.300049
2011-12-15,1574.599976
2011-12-16,1595.599976
2011-12-19,1594.400024
2011-12-20,1615.599976
2011-12-21,1611.900024
2011-12-22,1608.900024
2011-12-23,1604.699951
2011-12-27,1594.199951
2011-12-28,1562.900024
2011-12-29,1539.900024
2011-12-30,1565.800049
2012-01-03,1599.699951
2012-01-04,1611.900024
2012-01-05,1619.400024
2012-01-06,1616.099976
2012-01-09,1607.5
2012-01-10,1631
2012-01-11,1639.199951
2012-01-12,1647.300049
2012-01-13,1630.400024
2012-01-17,1655.199951
2012-01-18,1659.5
2012-01-19,1654.099976
2012-01-20,1663.699951
2012-01-23,1678
2012-01-24,1664.199951
2012-01-25,1699.800049
2012-01-26,1726.300049
2012-01-27,1731.800049
2012-01-30,1731
2012-01-31,1737.800049
2012-02-01,1747.099976
2012-02-02,1756.800049
2012-02-03,1737.900024
2012-02-06,1722.800049
2012-02-07,1746.400024
2012-02-08,1729.300049
2012-02-09,1739
2012-02-10,1723.300049
2012-02-13,1723
2012-02-14,1715.900024
2012-02-15,1726.300049
2012-02-16,1726.800049
2012-02-17,1724.5
2012-02-21,1757.099976
2012-02-22,1770
2012-02-23,1784.900024
2012-02-24,1775.099976
2012-02-27,1773.599976
2012-02-28,1787
2012-02-29,1709.900024
2012-03-01,1721.099976
2012-03-02,1708.800049
2012-03-05,1703
2012-03-06,1671.400024
2012-03-07,1683.300049
2012-03-08,1698.099976
2012-03-09,1710.900024
2012-03-12,1699.199951
2012-03-13,1693.699951
2012-03-14,1642.5
2012-03-15,1659.099976
2012-03-16,1655.5
2012-03-19,1666.900024
2012-03-20,1646.699951
2012-03-21,1650
2012-03-22,1642.300049
2012-03-23,1662.300049
2012-03-26,1685.5
2012-03-27,1684.800049
2012-03-28,1657.900024
2012-03-29,1652.199951
2012-03-30,1669.300049
2012-04-02,1677.5
2012-04-03,1670
2012-04-04,1612.300049
2012-04-05,1628.5
2012-04-09,1642.5
2012-04-10,1659.5
2012-04-11,1659
2012-04-12,1679.5
2012-04-13,1659.099976
2012-04-16,1648.699951
2012-04-17,1650.300049
2012-04-18,1638.800049
2012-04-19,1640.599976
2012-04-20,1642.099976
2012-04-23,1631.900024
2012-04-24,1643
2012-04-25,1641.400024
2012-04-26,1659.599976
2012-04-27,1664
2012-04-30,1663.400024
2012-05-01,1661.699951
2012-05-02,1653.400024
2012-05-03,1634.199951
2012-05-04,1644.699951
2012-05-07,1638.599976
2012-05-08,1604
2012-05-09,1593.699951
2012-05-10,1595.099976
2012-05-11,1583.599976
2012-05-14,1560.599976
2012-05-15,1556.800049
2012-05-16,1536.199951
2012-05-17,1574.5
2012-05-18,1591.599976
2012-05-21,1588.400024
2012-05-22,1576.300049
2012-05-23,1548.099976
2012-05-24,1557.300049
2012-05-25,1568.800049
2012-05-29,1548.599976
2012-05-30,1563.400024
2012-05-31,1562.599976
2012-06-01,1620.5
2012-06-04,1612.199951
2012-06-05,1615.199951
2012-06-06,1632.800049
2012-06-07,1586.599976
2012-06-08,1590.099976
2012-06-11,1595.5
2012-06-12,1612.699951
2012-06-13,1618.099976
2012-06-14,1618.400024
2012-06-15,1627
2012-06-18,1625.699951
2012-06-19,1622.199951
2012-06-20,1614.800049
2012-06-21,1564.5
2012-06-22,1566
2012-06-25,1587.5
2012-06-26,1574
2012-06-27,1577.5
2012-06-28,1549.699951
2012-06-29,1603.5
2012-07-02,1597.199951
2012-07-03,1621.300049
2012-07-05,1608.900024
2012-07-06,1578.400024
2012-07-09,1588.599976
2012-07-10,1579.300049
2012-07-11,1575.199951
2012-07-12,1564.900024
2012-07-13,1591.599976
2012-07-16,1591.199951
2012-07-17,1589.099976
2012-07-18,1570.400024
2012-07-19,1580.099976
2012-07-20,1582.5
2012-07-23,1577.099976
2012-07-24,1576
2012-07-25,1608
2012-07-26,1615
2012-07-27,1617.900024
2012-07-30,1619.699951
2012-07-31,1610.5
2012-08-01,1603.699951
2012-08-02,1587.400024
2012-08-03,1606
2012-08-06,1612.900024
2012-08-07,1609.699951
2012-08-08,1612.900024
2012-08-09,1617.099976
2012-08-10,1619.699951
2012-08-13,1609.599976
2012-08-14,1599.400024
2012-08-15,1603.699951
2012-08-16,1616.099976
2012-08-17,1616.300049
2012-08-20,1620.099976
2012-08-21,1639.900024
2012-08-22,1637.400024
2012-08-23,1669.599976
2012-08-24,1669.800049
2012-08-27,1672.400024
2012-08-28,1666.5
2012-08-29,1659.800049
2012-08-30,1653.5
2012-08-31,1684.599976
2012-09-04,1692.900024
2012-09-05,1690.800049
2012-09-06,1702.599976
2012-09-07,1737.5
2012-09-10,1728.699951
2012-09-11,1731.800049
2012-09-12,1730.599976
2012-09-13,1769.099976
2012-09-14,1769.800049
2012-09-17,1767.699951
2012-09-18,1768.400024
2012-09-19,1769
2012-09-20,1767.699951
2012-09-21,1775.5
2012-09-24,1762.099976
2012-09-25,1763.800049
2012-09-26,1750.599976
2012-09-27,1777.599976
2012-09-28,1771.099976
2012-10-01,1780.5
2012-10-02,1772.699951
2012-10-03,1777.300049
2012-10-04,1794.099976
2012-10-05,1778.599976
2012-10-08,1773.5
2012-10-09,1763
2012-10-10,1763.199951
2012-10-11,1768.800049
2012-10-12,1758
2012-10-15,1736
2012-10-16,1744.699951
2012-10-17,1751.5
2012-10-18,1743.300049
2012-10-19,1722.800049
2012-10-22,1725.099976
2012-10-23,1708.300049
2012-10-24,1700.5
2012-10-25,1712
2012-10-26,1710.900024
2012-10-31,1717.5
2012-11-01,1714.099976
2012-11-02,1674.099976
2012-11-05,1682.199951
2012-11-06,1714.099976
2012-11-07,1713.199951
2012-11-08,1725.400024
2012-11-09,1730.300049
2012-11-12,1730.300049
2012-11-13,1724.199951
2012-11-14,1729.5
2012-11-15,1713.300049
2012-11-16,1714.300049
2012-11-19,1734
2012-11-20,1723.199951
2012-11-21,1727.900024
2012-11-23,1751.300049
2012-11-26,1749.5
2012-11-27,1742.199951
2012-11-28,1716.5
2012-11-29,1727.199951
2012-11-30,1710.900024
2012-12-03,1719.599976
2012-12-04,1694.400024
2012-12-05,1692.400024
2012-12-06,1700.300049
2012-12-07,1704
2012-12-10,1713
2012-12-11,1708.199951
2012-12-12,1716.599976
2012-12-13,1695.599976
2012-12-14,1695.800049
2012-12-17,1697
2012-12-18,1669.5
2012-12-19,1666.5
2012-12-20,1644.900024
2012-12-21,1659.099976
2012-12-24,1658.599976
2012-12-26,1659.800049
2012-12-27,1662.599976
2012-12-28,1654.900024
2012-12-31,1674.800049
2013-01-02,1687.900024
2013-01-03,1673.699951
2013-01-04,1648.099976
2013-01-07,1645.5
2013-01-08,1661.5
2013-01-09,1654.800049
2013-01-10,1677.300049
2013-01-11,1660
2013-01-14,1668.900024
2013-01-15,1683.400024
2013-01-16,1682.699951
2013-01-17,1690.400024
2013-01-18,1686.599976
2013-01-22,1692.800049
2013-01-23,1686.300049
2013-01-24,1669.5
2013-01-25,1656.400024
2013-01-28,1652.400024
2013-01-29,1660.699951
2013-01-30,1679.900024
2013-01-31,1660.599976
2013-02-01,1669.400024
2013-02-04,1675.300049
2013-02-05,1672.400024
2013-02-06,1677.699951
2013-02-07,1670.400024
2013-02-08,1666
2013-02-11,1648.199951
2013-02-12,1648.699951
2013-02-13,1644.199951
2013-02-14,1634.699951
2013-02-15,1608.800049
2013-02-19,1603.599976
2013-02-20,1577.599976
2013-02-21,1578.199951
2013-02-22,1572.400024
2013-02-25,1586.199951
2013-02-26,1615.199951
2013-02-27,1595.199951
2013-02-28,1577.699951
2013-03-01,1571.900024
2013-03-04,1572.099976
2013-03-05,1574.599976
2013-03-06,1574.599976
2013-03-07,1574.800049
2013-03-08,1576.599976
2013-03-11,1577.800049
2013-03-12,1591.5
2013-03-13,1588.300049
2013-03-14,1590.599976
2013-03-15,1592.5
2013-03-18,1604.599976
2013-03-19,1611.300049
2013-03-20,1607.5
2013-03-21,1613.800049
2013-03-22,1606.199951
2013-03-25,1604.599976
2013-03-26,1595.800049
2013-03-27,1606.199951
2013-03-28,1594.800049
2013-04-01,1600
2013-04-02,1575.099976
2013-04-03,1552.800049
2013-04-04,1551.800049
2013-04-05,1575.400024
2013-04-08,1572
2013-04-09,1586.199951
2013-04-10,1558.300049
2013-04-11,1564.300049
2013-04-12,1501
2013-04-15,1360.599976
2013-04-16,1386.800049
2013-04-17,1382.199951
2013-04-18,1392
2013-04-19,1395.300049
2013-04-22,1421
2013-04-23,1408.599976
2013-04-24,1423.400024
2013-04-25,1461.800049
2013-04-26,1453.599976
2013-04-29,1467.400024
2013-04-30,1472.199951
2013-05-01,1446.300049
2013-05-02,1467.699951
2013-05-03,1464.300049
2013-05-06,1468.099976
2013-05-07,1449
2013-05-08,1473.900024
2013-05-09,1468.800049
2013-05-10,1436.800049
2013-05-13,1434.5
2013-05-14,1424.699951
2013-05-15,1396.5
2013-05-16,1387.099976
2013-05-17,1364.900024
2013-05-20,1384.300049
2013-05-21,1377.800049
2013-05-22,1367.599976
2013-05-23,1392
2013-05-24,1386.800049
2013-05-28,1379.099976
2013-05-29,1391.300049
2013-05-30,1411.5
2013-05-31,1392.599976
2013-06-03,1411.699951
2013-06-04,1397.099976
2013-06-05,1398.400024
2013-06-06,1415.699951
2013-06-07,1383
2013-06-10,1386.199951
2013-06-11,1377
2013-06-12,1391.800049
2013-06-13,1377.599976
2013-06-14,1387.300049
2013-06-17,1382.800049
2013-06-18,1366.599976
2013-06-19,1373.599976
2013-06-20,1285.900024
2013-06-21,1291.599976
2013-06-24,1276.800049
2013-06-25,1274.800049
2013-06-26,1229.599976
2013-06-27,1211.400024
2013-06-28,1223.800049
2013-07-01,1255.900024
2013-07-02,1243.599976
2013-07-03,1252.099976
2013-07-05,1212.900024
2013-07-08,1234.900024
2013-07-09,1245.900024
2013-07-10,1247.400024
2013-07-11,1280.099976
2013-07-12,1277.800049
2013-07-15,1283.800049
2013-07-16,1290.800049
2013-07-17,1277.900024
2013-07-18,1284.599976
2013-07-19,1293.300049
2013-07-22,1336.400024
2013-07-23,1335.099976
2013-07-24,1319.699951
2013-07-25,1329
2013-07-26,1321.699951
2013-07-29,1328.400024
2013-07-30,1324
2013-07-31,1312.400024
2013-08-01,1311
2013-08-02,1310.599976
2013-08-05,1302.599976
2013-08-06,1283.199951
2013-08-07,1286.099976
2013-08-08,1310.699951
2013-08-09,1312.900024
2013-08-12,1334.699951
2013-08-13,1321.199951
2013-08-14,1334
2013-08-15,1361.599976
2013-08-16,1371.699951
2013-08-19,1366.199951
2013-08-20,1373.099976
2013-08-21,1370.599976
2013-08-22,1371.199951
2013-08-23,1395.699951
2013-08-26,1393
2013-08-27,1420.599976
2013-08-28,1419
2013-08-29,1412.900024
2013-08-30,1396.099976
2013-09-03,1412
2013-09-04,1389.900024
2013-09-05,1373.099976
2013-09-06,1386.699951
2013-09-09,1386.800049
2013-09-10,1364.099976
2013-09-11,1363.900024
2013-09-12,1330.400024
2013-09-13,1308.400024
2013-09-16,1317.900024
2013-09-17,1309.5
2013-09-18,1307.800049
2013-09-19,1369.400024
2013-09-20,1332.5
2013-09-23,1326.900024
2013-09-24,1316
2013-09-25,1335.900024
2013-09-26,1323.599976
2013-09-27,1338.400024
2013-09-30,1326.5
2013-10-01,1286
2013-10-02,1320.599976
2013-10-03,1317.400024
2013-10-04,1309.699951
2013-10-07,1324.800049
2013-10-08,1324.199951
2013-10-09,1306.900024
2013-10-10,1296.599976
2013-10-11,1268
2013-10-14,1276.400024
2013-10-15,1273
2013-10-16,1282
2013-10-17,1322.699951
2013-10-18,1314.400024
2013-10-21,1315.699951
2013-10-22,1342.5
2013-10-23,1333.900024
2013-10-24,1350.199951
2013-10-25,1352.400024
2013-10-28,1352
2013-10-29,1345.199951
2013-10-30,1349
2013-10-31,1323.599976
2013-11-01,1313.099976
2013-11-04,1314.599976
2013-11-05,1308
2013-11-06,1317.699951
2013-11-07,1308.400024
2013-11-08,1284.5
2013-11-11,1281
2013-11-12,1271.099976
2013-11-13,1268.300049
2013-11-14,1286.199951
2013-11-15,1287.300049
2013-11-18,1272.199951
2013-11-19,1273.400024
2013-11-20,1257.900024
2013-11-21,1243.5
2013-11-22,1244
2013-11-25,1241.099976
2013-11-26,1241.400024
2013-11-27,1237.800049
2013-11-29,1250.599976
2013-12-02,1222.300049
2013-12-03,1221.699951
2013-12-04,1248.199951
2013-12-05,1233.199951
2013-12-06,1230.300049
2013-12-09,1235.300049
2013-12-10,1262.400024
2013-12-11,1258.5
2013-12-12,1226
2013-12-13,1235.699951
2013-12-16,1245.5
2013-12-17,1231.199951
2013-12-18,1236.099976
2013-12-19,1195
2013-12-20,1205.099976
2013-12-23,1198.400024
2013-12-24,1205.099976
2013-12-26,1214.099976
2013-12-27,1216.099976
2013-12-30,1203.099976
2013-12-31,1201.900024
2014-01-02,1225
2014-01-03,1238.400024
2014-01-06,1237.800049
2014-01-07,1229.400024
2014-01-08,1225.300049
2014-01-09,1229.300049
2014-01-10,1246.699951
2014-01-13,1250.900024
2014-01-14,1245.199951
2014-01-15,1238.099976
2014-01-16,1240
2014-01-17,1251.699951
2014-01-21,1242.300049
2014-01-22,1239
2014-01-23,1262.599976
2014-01-24,1264.5
2014-01-27,1263.599976
2014-01-28,1251
2014-01-29,1262.199951
2014-01-30,1242.199951
2014-01-31,1240.099976
2014-02-03,1260.400024
2014-02-04,1251.699951
2014-02-05,1257.300049
2014-02-06,1257.599976
2014-02-07,1263.300049
2014-02-10,1274.800049
2014-02-11,1290.099976
2014-02-12,1295.300049
2014-02-13,1300.400024
2014-02-14,1319
2014-02-18,1324.699951
2014-02-19,1320.599976
2014-02-20,1317.099976
2014-02-21,1323.900024
2014-02-24,1338.300049
2014-02-25,1343
2014-02-26,1328.199951
2014-02-27,1331.599976
2014-02-28,1321.400024
2014-03-03,1350.099976
2014-03-04,1337.800049
2014-03-05,1340.199951
2014-03-06,1351.699951
2014-03-07,1338.099976
2014-03-10,1341.400024
2014-03-11,1346.5
2014-03-12,1370.300049
2014-03-13,1372.199951
2014-03-14,1379
2014-03-17,1372.900024
2014-03-18,1359
2014-03-19,1341.400024
2014-03-20,1330.5
2014-03-21,1336
2014-03-24,1311.199951
2014-03-25,1311.400024
2014-03-26,1303.400024
2014-03-27,1294.699951
2014-03-28,1293.800049
2014-03-31,1283.400024
2014-04-01,1279.599976
2014-04-02,1290.5
2014-04-03,1284.400024
2014-04-04,1303.199951
2014-04-07,1298
2014-04-08,1308.699951
2014-04-09,1305.5
2014-04-10,1320.099976
2014-04-11,1318.699951
2014-04-14,1327.199951
2014-04-15,1300
2014-04-16,1303.099976
2014-04-17,1293.400024
2014-04-21,1288
2014-04-22,1280.599976
2014-04-23,1284.199951
2014-04-24,1290.5
2014-04-25,1300.699951
2014-04-28,1298.900024
2014-04-29,1296
2014-04-30,1295.599976
2014-05-01,1283.099976
2014-05-02,1302.599976
2014-05-05,1309
2014-05-06,1308.300049
2014-05-07,1288.599976
2014-05-08,1287.400024
2014-05-09,1287.300049
2014-05-12,1295.599976
2014-05-13,1294.599976
2014-05-14,1305.699951
2014-05-15,1293.5
2014-05-16,1293.300049
2014-05-19,1293.699951
2014-05-20,1294.5
2014-05-21,1288
2014-05-22,1294.900024
2014-05-23,1291.599976
2014-05-27,1265.400024
2014-05-28,1259.300049
2014-05-29,1256.300049
2014-05-30,1245.599976
2014-06-02,1243.699951
2014-06-03,1244.300049
2014-06-04,1244
2014-06-05,1253
2014-06-06,1252.099976
2014-06-09,1253.5
2014-06-10,1259.800049
2014-06-11,1260.800049
2014-06-12,1273.599976
2014-06-13,1273.699951
2014-06-16,1274.900024
2014-06-17,1271.699951
2014-06-18,1272.400024
2014-06-19,1313.699951
2014-06-20,1316.199951
2014-06-23,1318
2014-06-24,1320.900024
2014-06-25,1322.199951
2014-06-26,1316.099976
2014-06-27,1319
2014-06-30,1321.800049
2014-07-01,1326.400024
2014-07-02,1330.699951
2014-07-03,1320.400024
2014-07-07,1316.5
2014-07-08,1316
2014-07-09,1323.800049
2014-07-10,1338.699951
2014-07-11,1337
2014-07-14,1306.300049
2014-07-15,1296.900024
2014-07-16,1299.599976
2014-07-17,1316.699951
2014-07-18,1309.199951
2014-07-21,1313.699951
2014-07-22,1306.099976
2014-07-23,1304.5
2014-07-24,1290.599976
2014-07-25,1303.099976
2014-07-28,1303.300049
2014-07-29,1298.300049
2014-07-30,1294.900024
2014-07-31,1281.300049
2014-08-01,1293.599976
2014-08-04,1287.699951
2014-08-05,1284
2014-08-06,1306.699951
2014-08-07,1310.800049
2014-08-08,1308.900024
2014-08-11,1308.5
2014-08-12,1308.800049
2014-08-13,1312.800049
2014-08-14,1313.900024
2014-08-15,1304.5
2014-08-18,1297.699951
2014-08-19,1295.099976
2014-08-20,1293.400024
2014-08-21,1273.699951
2014-08-22,1278.599976
2014-08-25,1277.300049
2014-08-26,1283.800049
2014-08-27,1281.900024
2014-08-28,1288.699951
2014-08-29,1285.800049
2014-09-02,1263.699951
2014-09-03,1268.900024
2014-09-04,1265.099976
2014-09-05,1265.800049
2014-09-08,1252.699951
2014-09-09,1246.800049
2014-09-10,1243.5
2014-09-11,1237.400024
2014-09-12,1229.900024
2014-09-15,1233.599976
2014-09-16,1235.199951
2014-09-17,1234.400024
2014-09-18,1225.699951
2014-09-19,1215.300049
2014-09-22,1216.800049
2014-09-23,1221
2014-09-24,1218.599976
2014-09-25,1221.199951
2014-09-26,1214.099976
2014-09-29,1217.5
2014-09-30,1210.5
2014-10-01,1214.599976
2014-10-02,1214.199951
2014-10-03,1192.199951
2014-10-06,1206.699951
2014-10-07,1211.699951
2014-10-08,1205.300049
2014-10-09,1224.599976
2014-10-10,1221
2014-10-13,1229.300049
2014-10-14,1233.599976
2014-10-15,1244.099976
2014-10-16,1240.5
2014-10-17,1238.300049
2014-10-20,1244
2014-10-21,1251
2014-10-22,1244.800049
2014-10-23,1228.5
2014-10-24,1231.199951
2014-10-27,1229.099976
2014-10-28,1229.199951
2014-10-29,1224.300049
2014-10-30,1198.099976
2014-10-31,1171.099976
2014-11-03,1169.400024
2014-11-04,1167.400024
2014-11-05,1145.400024
2014-11-06,1142.300049
2014-11-07,1169.599976
2014-11-10,1159.599976
2014-11-11,1162.800049
2014-11-12,1158.900024
2014-11-13,1161.099976
2014-11-14,1185
2014-11-17,1183
2014-11-18,1196.699951
2014-11-19,1193.599976
2014-11-20,1190.699951
2014-11-21,1197.5
2014-11-24,1195.5
2014-11-25,1197.099976
2014-11-26,1196.599976
2014-11-28,1175.199951
2014-12-01,1218
2014-12-02,1199.199951
2014-12-03,1208.5
2014-12-04,1207.5
2014-12-05,1190.099976
2014-12-08,1194.699951
2014-12-09,1231.5
2014-12-10,1228.900024
2014-12-11,1225.099976
2014-12-12,1222
2014-12-15,1207.199951
2014-12-16,1193.900024
2014-12-17,1194.300049
2014-12-18,1194.699951
2014-12-19,1195.900024
2014-12-22,1179.699951
2014-12-23,1177.900024
2014-12-24,1173.5
2014-12-26,1195.300049
2014-12-29,1181.699951
2014-12-30,1200.199951
2014-12-31,1183.900024
2015-01-02,1186
2015-01-05,1203.900024
2015-01-06,1219.300049
2015-01-07,1210.599976
2015-01-08,1208.400024
2015-01-09,1216
2015-01-12,1232.699951
2015-01-13,1234.300049
2015-01-14,1234.400024
2015-01-15,1264.699951
2015-01-16,1276.900024
2015-01-20,1294.199951
2015-01-21,1293.699951
2015-01-22,1300.699951
2015-01-23,1292.599976
2015-01-26,1279.400024
2015-01-27,1291.699951
2015-01-28,1285.900024
2015-01-29,1254.599976
2015-01-30,1278.5
2015-02-02,1276.199951
2015-02-03,1259.699951
2015-02-04,1263.800049
2015-02-05,1262
2015-02-06,1233.900024
2015-02-09,1240.800049
2015-02-10,1231.599976
2015-02-11,1219
2015-02-12,1220.099976
2015-02-13,1226.5
2015-02-17,1208.099976
2015-02-18,1199.699951
2015-02-19,1207.099976
2015-02-20,1204.400024
2015-02-23,1200.300049
2015-02-24,1196.900024
2015-02-25,1201
2015-02-26,1209.599976
2015-02-27,1212.599976
2015-03-02,1207.699951
2015-03-03,1204
2015-03-04,1200.599976
2015-03-05,1195.900024
2015-03-06,1164.099976
2015-03-09,1166.400024
2015-03-10,1160.099976
2015-03-11,1150.699951
2015-03-12,1152.099976
2015-03-13,1152.599976
2015-03-16,1153.300049
2015-03-17,1148.300049
2015-03-18,1151.400024
2015-03-19,1169.099976
2015-03-20,1184.800049
2015-03-23,1188
2015-03-24,1191.699951
2015-03-25,1197.300049
2015-03-26,1205.099976
2015-03-27,1199.800049
2015-03-30,1184.800049
2015-03-31,1183.099976
2015-04-01,1208.099976
2015-04-02,1200.900024
2015-04-06,1218.599976
2015-04-07,1210.599976
2015-04-08,1203.099976
2015-04-09,1193.599976
2015-04-10,1204.599976
2015-04-13,1199.300049
2015-04-14,1192.800049
2015-04-15,1201.5
2015-04-16,1198
2015-04-17,1202.900024
2015-04-20,1193.5
2015-04-21,1202.900024
2015-04-22,1186.900024
2015-04-23,1194.400024
2015-04-24,1175.199951
2015-04-27,1203.300049
2015-04-28,1214
2015-04-29,1209.800049
2015-04-30,1182.400024
2015-05-01,1174.5
2015-05-04,1186.800049
2015-05-05,1193.199951
2015-05-06,1190.300049
2015-05-07,1182.400024
2015-05-08,1189.099976
2015-05-11,1183.199951
2015-05-12,1192.599976
2015-05-13,1218.400024
2015-05-14,1225.400024
2015-05-15,1225.5
2015-05-18,1227.800049
2015-05-19,1206.900024
2015-05-20,1208.900024
2015-05-21,1204.400024
2015-05-22,1204.300049
2015-05-26,1187.199951
2015-05-27,1185.900024
2015-05-28,1188.099976
2015-05-29,1189.400024
2015-06-01,1188.300049
2015-06-02,1194.099976
2015-06-03,1184.699951
2015-06-04,1174.900024
2015-06-05,1167.800049
2015-06-08,1173.199951
2015-06-09,1177.300049
2015-06-10,1186.099976
2015-06-11,1179.900024
2015-06-12,1178.800049
2015-06-15,1185.300049
2015-06-16,1180.5
2015-06-17,1176.400024
2015-06-18,1201.5
2015-06-19,1201.5
2015-06-22,1183.699951
2015-06-23,1176.199951
2015-06-24,1172.599976
2015-06-25,1171.5
2015-06-26,1172.900024
2015-06-29,1178.5
2015-06-30,1171.5
2015-07-01,1169
2015-07-02,1163
2015-07-06,1172.900024
2015-07-07,1152.400024
2015-07-08,1163.300049
2015-07-09,1159
2015-07-10,1157.699951
2015-07-13,1155.199951
2015-07-14,1153.300049
2015-07-15,1147.199951
2015-07-16,1143.800049
2015-07-17,1131.800049
2015-07-20,1106.699951
2015-07-21,1103.400024
2015-07-22,1091.400024
2015-07-23,1094
2015-07-24,1085.599976
2015-07-27,1096.5
2015-07-28,1096.300049
2015-07-29,1092.699951
2015-07-30,1088.400024
2015-07-31,1094.900024
2015-08-03,1089.400024
2015-08-04,1090.699951
2015-08-05,1085.699951
2015-08-06,1090.199951
2015-08-07,1094.099976
2015-08-10,1104.199951
2015-08-11,1107.599976
2015-08-12,1123.199951
2015-08-13,1115.699951
2015-08-14,1112.900024
2015-08-17,1118.599976
2015-08-18,1117.099976
2015-08-19,1128.099976
2015-08-20,1153
2015-08-21,1159.599976
2015-08-24,1153.400024
2015-08-25,1138.199951
2015-08-26,1124.599976
2015-08-27,1122.400024
2015-08-28,1133.099976
2015-08-31,1131.599976
2015-09-01,1138.699951
2015-09-02,1132.5
2015-09-03,1123.699951
2015-09-04,1120.599976
2015-09-08,1120.400024
2015-09-09,1102.199951
2015-09-10,1109.5
2015-09-11,1103.5
2015-09-14,1107.699951
2015-09-15,1102.800049
2015-09-16,1119.199951
2015-09-17,1117.300049
2015-09-18,1138.099976
2015-09-21,1133.099976
2015-09-22,1125
2015-09-23,1131.599976
2015-09-24,1153.800049
2015-09-25,1146
2015-09-28,1132
2015-09-29,1127.099976
2015-09-30,1115.5
2015-10-01,1114.199951
2015-10-02,1137.099976
2015-10-05,1138.099976
2015-10-06,1146.800049
2015-10-07,1149
2015-10-08,1144.699951
2015-10-09,1156.300049
2015-10-12,1164.900024
2015-10-13,1165.800049
2015-10-14,1180.099976
2015-10-15,1187.900024
2015-10-16,1183.599976
2015-10-19,1173.300049
2015-10-20,1178
2015-10-21,1167.599976
2015-10-22,1166.599976
2015-10-23,1163.300049
2015-10-26,1167
2015-10-27,1166.800049
2015-10-28,1177.099976
2015-10-29,1147.199951
2015-10-30,1141.5
2015-11-02,1135.800049
2015-11-03,1114.199951
2015-11-04,1106.5
2015-11-05,1104.400024
2015-11-06,1087.599976
2015-11-09,1087.900024
2015-11-10,1088.199951
2015-11-11,1084.699951
2015-11-12,1080.800049
2015-11-13,1080.800049
2015-11-16,1083.699951
2015-11-17,1068.699951
2015-11-18,1068.800049
2015-11-19,1078
2015-11-20,1076.400024
2015-11-23,1066.800049
2015-11-24,1074.300049
2015-11-25,1070.5
2015-11-27,1056.199951
2015-11-30,1065.800049
2015-12-01,1063.800049
2015-12-02,1054.199951
2015-12-03,1061.699951
2015-12-04,1084.5
2015-12-07,1076.400024
2015-12-08,1076.300049
2015-12-09,1077.599976
2015-12-10,1073.099976
2015-12-11,1076.900024
2015-12-14,1064.699951
2015-12-15,1062.900024
2015-12-16,1078
2015-12-17,1050.800049
2015-12-18,1066.199951
2015-12-21,1081.900024
2015-12-22,1074.800049
2015-12-23,1069.400024
2015-12-24,1077.199951
2015-12-28,1070.5
2015-12-29,1077.5
2015-12-30,1060.099976
2015-12-31,1060.300049
2016-01-04,1075.099976
2016-01-05,1078.400024
2016-01-06,1091.900024
2016-01-07,1107.699951
2016-01-08,1097.800049
2016-01-11,1096.5
2016-01-12,1085.599976
2016-01-13,1087.5
2016-01-14,1073.900024
2016-01-15,1091.5
2016-01-19,1089.900024
2016-01-20,1107.099976
2016-01-21,1099.099976
2016-01-22,1097.199951
2016-01-25,1106.199951
2016-01-26,1121.699951
2016-01-27,1116.099976
2016-01-28,1115.599976
2016-01-29,1116.400024
2016-02-01,1127.900024
2016-02-02,1127.300049
2016-02-03,1141.300049
2016-02-04,1157.599976
2016-02-05,1157.800049
2016-02-08,1197.900024
2016-02-09,1198.699951
2016-02-10,1194.699951
2016-02-11,1247.900024
2016-02-12,1239.099976
2016-02-16,1207.900024
2016-02-17,1211.099976
2016-02-18,1226.099976
2016-02-19,1230.400024
2016-02-22,1209.5
2016-02-23,1222.300049
2016-02-24,1238.699951
2016-02-25,1238.199951
2016-02-26,1219.800049
2016-02-29,1233.900024
2016-03-01,1230.300049
2016-03-02,1241.099976
2016-03-03,1257.400024
2016-03-04,1269.900024
2016-03-07,1263.199951
2016-03-08,1262.099976
2016-03-09,1256.599976
2016-03-10,1272
2016-03-11,1258.699951
2016-03-14,1244.400024
2016-03-15,1230.400024
2016-03-16,1229.300049
2016-03-17,1264.5
2016-03-18,1253.800049
2016-03-21,1243.800049
2016-03-22,1248.199951
2016-03-23,1223.699951
2016-03-24,1221.400024
2016-03-28,1219.900024
2016-03-29,1235.599976
2016-03-30,1226.900024
2016-03-31,1234.199951
2016-04-01,1222.199951
2016-04-04,1218
2016-04-05,1228.400024
2016-04-06,1222.5
2016-04-07,1236.199951
2016-04-08,1242.5
2016-04-11,1256.699951
2016-04-12,1259.400024
2016-04-13,1246.800049
2016-04-14,1225
2016-04-15,1233.099976
2016-04-18,1233.599976
2016-04-19,1253
2016-04-20,1253.199951
2016-04-21,1249
2016-04-22,1228.699951
2016-04-25,1238.900024
2016-04-26,1242.199951
2016-04-27,1249.199951
2016-04-28,1265.5
2016-04-29,1289.199951
2016-05-02,1294.699951
2016-05-03,1290.699951
2016-05-04,1273.300049
2016-05-05,1271.400024
2016-05-06,1292.900024
2016-05-09,1265.599976
2016-05-10,1263.900024
2016-05-11,1274.599976
2016-05-12,1270.300049
2016-05-13,1271.900024
2016-05-16,1273.400024
2016-05-17,1276.199951
2016-05-18,1273.699951
2016-05-19,1254.199951
2016-05-20,1252.400024
2016-05-23,1251.099976
2016-05-24,1228.900024
2016-05-25,1223.5
2016-05-26,1220.099976
2016-05-27,1213.800049
2016-05-31,1214.800049
2016-06-01,1211.900024
2016-06-02,1209.800049
2016-06-03,1240.099976
2016-06-06,1244.599976
2016-06-07,1244.400024
2016-06-08,1259.800049
2016-06-09,1270.199951
2016-06-10,1273.400024
2016-06-13,1284.400024
2016-06-14,1285.599976
2016-06-15,1285.800049
2016-06-16,1296.099976
2016-06-17,1292.5
2016-06-20,1290
2016-06-21,1270.5
2016-06-22,1268
2016-06-23,1261.199951
2016-06-24,1320
2016-06-27,1322.5
2016-06-28,1315.300049
2016-06-29,1323.900024
2016-06-30,1318.400024
2016-07-01,1336.699951
2016-07-05,1356.400024
2016-07-06,1364.900024
2016-07-07,1360.099976
2016-07-08,1356.599976
2016-07-11,1355
2016-07-12,1334.099976
2016-07-13,1342.400024
2016-07-14,1331.300049
2016-07-15,1326.5
2016-07-18,1328.400024
2016-07-19,1331.5
2016-07-20,1318.800049
2016-07-21,1330.5
2016-07-22,1323.099976
2016-07-25,1319.300049
2016-07-26,1320.699951
2016-07-27,1326.599976
2016-07-28,1332.300049
2016-07-29,1349
2016-08-01,1351.400024
2016-08-02,1364.400024
2016-08-03,1356.099976
2016-08-04,1358.800049
2016-08-05,1336.400024
2016-08-08,1333.400024
2016-08-09,1339
2016-08-10,1344.300049
2016-08-11,1342.5
2016-08-12,1335.800049
2016-08-15,1340.300049
2016-08-16,1350.5
2016-08-17,1342.699951
2016-08-18,1351.199951
2016-08-19,1340.400024
2016-08-22,1337.699951
2016-08-23,1340.599976
2016-08-24,1324.400024
2016-08-25,1320.099976
2016-08-26,1321.5
2016-08-29,1322.900024
2016-08-30,1311.699951
2016-08-31,1306.900024
2016-09-01,1312.199951
2016-09-02,1322.099976
2016-09-06,1349.400024
2016-09-07,1344.300049
2016-09-08,1336.800049
2016-09-09,1330.099976
2016-09-12,1321
2016-09-13,1319
2016-09-14,1321.5
2016-09-15,1313.5
2016-09-16,1305.800049
2016-09-19,1313.5
2016-09-20,1313.699951
2016-09-21,1326.900024
2016-09-22,1340.400024
2016-09-23,1337.199951
2016-09-26,1339.699951
2016-09-27,1325.900024
2016-09-28,1319.400024
2016-09-29,1321.699951
2016-09-30,1313.300049
2016-10-03,1309
2016-10-04,1266.300049
2016-10-05,1265.199951
2016-10-06,1249.800049
2016-10-07,1248.900024
2016-10-11,1253
2016-10-12,1251.099976
2016-10-13,1255
2016-10-14,1253.099976
2016-10-17,1254.400024
2016-10-18,1260.800049
2016-10-19,1267.900024
2016-10-20,1265.599976
2016-10-21,1265.900024
2016-10-24,1262
2016-10-25,1271.900024
2016-10-26,1264.800049
2016-10-27,1267.900024
2016-10-28,1275.5
2016-10-31,1271.5
2016-11-01,1286.400024
2016-11-02,1306.800049
2016-11-03,1302.099976
2016-11-04,1303.300049
2016-11-07,1278.300049
2016-11-08,1273.400024
2016-11-09,1272.599976
2016-11-10,1265.5
2016-11-14,1221.199951
2016-11-15,1224
2016-11-16,1223.400024
2016-11-17,1216.5
2016-11-18,1208.5
2016-11-21,1209.599976
2016-11-22,1211
2016-11-23,1189.099976
2016-11-25,1178.199951
2016-11-28,1190.599976
2016-11-29,1187.900024
2016-11-30,1170.800049
2016-12-01,1166.900024
2016-12-02,1175.099976
2016-12-05,1174
2016-12-06,1167.599976
2016-12-07,1175
2016-12-08,1169.800049
2016-12-09,1159.400024
2016-12-12,1163.5
2016-12-13,1156.699951
2016-12-14,1161.300049
2016-12-15,1127.800049
2016-12-16,1135.300049
2016-12-19,1140.5
2016-12-20,1131.5
2016-12-21,1131.099976
2016-12-22,1128.800049
2016-12-23,1131.900024
2016-12-27,1137.300049
2016-12-28,1139.400024
2016-12-29,1156.400024
2016-12-30,1150
2017-01-03,1160.400024
2017-01-04,1163.800049
2017-01-05,1179.699951
2017-01-06,1171.900024
2017-01-09,1183.5
2017-01-10,1184.199951
2017-01-11,1195.599976
2017-01-12,1198.900024
2017-01-13,1195.300049
2017-01-17,1212
2017-01-18,1211.300049
2017-01-19,1200.900024
2017-01-20,1204.300049
2017-01-23,1215
2017-01-24,1210.300049
2017-01-25,1197.300049
2017-01-26,1189.5
2017-01-27,1188.099976
2017-01-30,1193.199951
2017-01-31,1208.599976
2017-02-01,1205.599976
2017-02-02,1216.699951
2017-02-03,1218.5
2017-02-06,1230
2017-02-07,1234.199951
2017-02-08,1237.599976
2017-02-09,1235.099976
2017-02-10,1234.400024
2017-02-13,1224.400024
2017-02-14,1223.900024
2017-02-15,1231.699951
2017-02-16,1240
2017-02-17,1237.599976
2017-02-21,1237.5
2017-02-22,1232
2017-02-23,1250.199951
2017-02-24,1256.900024
2017-02-27,1257.400024
2017-02-28,1252.599976
2017-03-01,1248.900024
2017-03-02,1231.900024
2017-03-03,1225.5
2017-03-06,1224.5
2017-03-07,1215.099976
2017-03-08,1208.5
2017-03-09,1202.400024
2017-03-10,1200.699951
2017-03-13,1202.400024
2017-03-14,1201.900024
2017-03-15,1200.099976
2017-03-16,1226.5
2017-03-17,1229.800049
2017-03-20,1233.599976
2017-03-21,1246.099976
2017-03-22,1249.300049
2017-03-23,1246.900024
2017-03-24,1248.199951
2017-03-27,1255.400024
2017-03-28,1255.300049
2017-03-29,1253.400024
2017-03-30,1245
2017-03-31,1247.300049
2017-04-03,1250.800049
2017-04-04,1255
2017-04-05,1245.400024
2017-04-06,1250.300049
2017-04-07,1254.300049
2017-04-10,1251.099976
2017-04-11,1271.199951
2017-04-12,1275.300049
2017-04-13,1285.900024
2017-04-17,1289.400024
2017-04-18,1291.699951
2017-04-19,1281.400024
2017-04-20,1281.900024
2017-04-21,1287.400024
2017-04-24,1275.800049
2017-04-25,1265.599976
2017-04-26,1262.099976
2017-04-27,1263.699951
2017-04-28,1266.099976
2017-05-01,1253.300049
2017-05-02,1255.099976
2017-05-03,1246.400024
2017-05-04,1226.5
2017-05-05,1224.800049
2017-05-08,1225.300049
2017-05-09,1214.300049
2017-05-10,1217.300049
2017-05-11,1222.699951
2017-05-12,1226.199951
2017-05-15,1228.599976
2017-05-16,1235
2017-05-17,1257.5
2017-05-18,1251.699951
2017-05-19,1252.699951
2017-05-22,1260.699951
2017-05-23,1254.800049
2017-05-24,1252.400024
2017-05-25,1255.800049
2017-05-26,1267.599976
2017-05-30,1262.099976
2017-05-31,1272
2017-06-01,1267
2017-06-02,1276.800049
2017-06-05,1279.300049
2017-06-06,1294.400024
2017-06-07,1290.099976
2017-06-08,1276.300049
2017-06-09,1268.5
2017-06-12,1266.099976
2017-06-13,1265.800049
2017-06-14,1272.800049
2017-06-15,1252.199951
2017-06-16,1254
2017-06-19,1244.199951
2017-06-20,1241
2017-06-21,1243.400024
2017-06-22,1247.599976
2017-06-23,1256.199951
2017-06-26,1246.300049
2017-06-27,1246.400024
2017-06-28,1248
2017-06-29,1244.199951
2017-06-30,1240.699951
2017-07-03,1217.900024
2017-07-05,1220.400024
2017-07-06,1222.199951
2017-07-07,1208.599976
2017-07-10,1212.099976
2017-07-11,1213.599976
2017-07-12,1218.099976
2017-07-13,1216.300049
2017-07-14,1226.599976
2017-07-17,1232.800049
2017-07-18,1241.099976
2017-07-19,1241.199951
2017-07-20,1244.800049
2017-07-21,1254.300049
2017-07-24,1253.900024
2017-07-25,1251.699951
2017-07-26,1249
2017-07-27,1259.599976
2017-07-28,1268.400024
2017-07-31,1266.599976
2017-08-01,1272.599976
2017-08-02,1271.800049
2017-08-03,1267.800049
2017-08-04,1258.300049
2017-08-07,1258.199951
2017-08-08,1256.400024
2017-08-09,1273
2017-08-10,1283.699951
2017-08-11,1287.699951
2017-08-14,1284.199951
2017-08-15,1273.699951
2017-08-16,1276.900024
2017-08-17,1286.400024
2017-08-18,1285.699951
2017-08-21,1290.800049
2017-08-22,1285.099976
2017-08-23,1288.900024
2017-08-24,1286.5
2017-08-25,1292.5
2017-08-28,1309.699951
2017-08-29,1313.099976
2017-08-30,1308.099976
2017-08-31,1316.199951
2017-09-01,1324.5
2017-09-05,1339.199951
2017-09-06,1333.900024
2017-09-07,1345.099976
2017-09-08,1346
2017-09-11,1331
2017-09-12,1328
2017-09-13,1323.400024
2017-09-14,1324.699951
2017-09-15,1320.400024
2017-09-18,1306.300049
2017-09-19,1306.199951
2017-09-20,1312
2017-09-21,1290.599976
2017-09-22,1293.300049
2017-09-25,1306.800049
2017-09-26,1297
2017-09-27,1283.400024
2017-09-28,1285.5
2017-09-29,1281.5
2017-10-02,1272.699951
2017-10-03,1271.5
2017-10-04,1273.699951
2017-10-05,1269.900024
2017-10-06,1271.599976
2017-10-09,1281.800049
2017-10-10,1290.599976
2017-10-11,1285.800049
2017-10-12,1293.300049
2017-10-13,1301.5
2017-10-16,1299.900024
2017-10-17,1283
2017-10-18,1279.900024
2017-10-19,1286.900024
2017-10-20,1277.400024
2017-10-23,1277.699951
2017-10-24,1275
2017-10-25,1275.400024
2017-10-26,1266.300049
2017-10-27,1268.5
2017-10-30,1274.099976
2017-10-31,1267
2017-11-01,1274.099976
2017-11-02,1274.900024
2017-11-03,1266.5
2017-11-06,1279.400024
2017-11-07,1273.699951
2017-11-08,1281.599976
2017-11-09,1285.599976
2017-11-10,1272.400024
2017-11-13,1277.300049
2017-11-14,1281.5
2017-11-15,1276.5
2017-11-16,1277.400024
2017-11-17,1295.800049
2017-11-20,1274.599976
2017-11-21,1281.099976
2017-11-22,1291.599976
2017-11-24,1286.699951
2017-11-27,1293.800049
2017-11-28,1294.699951
2017-11-29,1282.099976
2017-11-30,1273.199951
2017-12-01,1278.800049
2017-12-04,1274.300049
2017-12-05,1261.599976
2017-12-06,1262.800049
2017-12-07,1249.800049
2017-12-08,1245.199951
2017-12-11,1243.699951
2017-12-12,1238.5
2017-12-13,1245.400024
2017-12-14,1253.800049
2017-12-15,1254.300049
2017-12-18,1262.199951
2017-12-19,1260.699951
2017-12-20,1266.099976
2017-12-21,1267.300049
2017-12-22,1275.400024
2017-12-26,1284.099976
2017-12-27,1287
2017-12-28,1294.099976
2017-12-29,1306.300049
2018-01-02,1313.699951
2018-01-03,1316.199951
2018-01-04,1319.400024
2018-01-05,1320.300049
2018-01-08,1318.599976
2018-01-09,1311.699951
2018-01-10,1317.400024
2018-01-11,1320.599976
2018-01-12,1333.400024
2018-01-16,1335.400024
2018-01-17,1338
2018-01-18,1326
2018-01-19,1331.900024
2018-01-22,1330.900024
2018-01-23,1335.699951
2018-01-24,1355.900024
2018-01-25,1362.400024
2018-01-26,1351.599976
2018-01-30,1335.400024
2018-01-31,1339
2018-02-01,1344.300049
2018-02-02,1333.699951
2018-02-05,1333
2018-02-06,1326.099976
2018-02-07,1311.599976
2018-02-08,1316.900024
2018-02-09,1313.099976
2018-02-12,1324.199951
2018-02-13,1328.099976
2018-02-14,1355.5
2018-02-15,1352.099976
2018-02-16,1353.199951
2018-02-20,1328.800049
2018-02-21,1330
2018-02-22,1330.599976
2018-02-23,1328.199951
2018-02-26,1330.699951
2018-02-27,1315.5
2018-02-28,1315.5
2018-03-01,1302.900024
2018-03-02,1321.099976
2018-03-05,1318.099976
2018-03-06,1333.599976
2018-03-07,1326
2018-03-08,1319.900024
2018-03-09,1322.400024
2018-03-12,1319.400024
2018-03-13,1325.900024
2018-03-14,1324.400024
2018-03-15,1316.800049
2018-03-16,1311.300049
2018-03-19,1316.800049
2018-03-20,1311.099976
2018-03-21,1320.699951
2018-03-22,1326.599976
2018-03-23,1349.300049
2018-03-26,1354.400024
2018-03-27,1341.300049
2018-03-28,1324.199951
2018-03-29,1322.800049
2018-04-02,1342.099976
2018-04-03,1332.800049
2018-04-04,1335.800049
2018-04-05,1324.300049
2018-04-06,1331.900024
2018-04-09,1336.300049
2018-04-10,1342
2018-04-11,1356.5
2018-04-12,1338.400024
2018-04-13,1344.800049
2018-04-16,1347.5
2018-04-17,1347.199951
2018-04-18,1351.199951
2018-04-19,1346.800049
2018-04-20,1336.699951
2018-04-23,1322.5
2018-04-24,1331.400024
2018-04-25,1321.199951
2018-04-26,1316.300049
2018-04-27,1320.300049
2018-04-30,1316.199951
2018-05-01,1303.800049
2018-05-02,1302.599976
2018-05-03,1310.699951
2018-05-04,1312.699951
2018-05-07,1312.199951
2018-05-08,1312
2018-05-09,1311.300049
2018-05-10,1320.800049
2018-05-11,1319
2018-05-14,1316.5
2018-05-15,1288.900024
2018-05-16,1290.199951
2018-05-17,1288.199951
2018-05-18,1290.199951
2018-05-21,1290.199951
2018-05-22,1291.699951
2018-05-23,1289.300049
2018-05-24,1303.699951
2018-05-25,1303.300049
2018-05-29,1298.699951
2018-05-30,1301.5
2018-05-31,1300.099976
2018-06-01,1294.800049
2018-06-04,1293.099976
2018-06-05,1297.5
2018-06-06,1297.099976
2018-06-07,1298.699951
2018-06-08,1298.099976
2018-06-11,1298.900024
2018-06-12,1295.099976
2018-06-13,1296.900024
2018-06-14,1304
2018-06-15,1274.599976
2018-06-18,1276.199951
2018-06-19,1275.599976
2018-06-20,1271.199951
2018-06-21,1267.199951
2018-06-22,1267.400024
2018-06-25,1265.599976
2018-06-26,1256.599976
2018-06-27,1252.800049
2018-06-28,1247.800049
2018-06-29,1251.300049
2018-07-02,1239.800049
2018-07-03,1251.599976
2018-07-05,1257.300049
2018-07-06,1254.300049
2018-07-09,1258.099976
2018-07-10,1253.800049
2018-07-11,1242.800049
2018-07-12,1245
2018-07-13,1239.599976
2018-07-16,1238.099976
2018-07-17,1225.699951
2018-07-18,1226.300049
2018-07-19,1222.400024
2018-07-20,1229.5
2018-07-23,1224
2018-07-24,1223.900024
2018-07-25,1231.400024
2018-07-26,1225.300049
2018-07-27,1222.599976
2018-07-30,1221.300049
2018-07-31,1223.699951
2018-08-01,1217.900024
2018-08-02,1210.599976
2018-08-03,1214.199951
2018-08-06,1208.599976
2018-08-07,1209.599976
2018-08-08,1212.599976
2018-08-09,1211.900024
2018-08-10,1211.099976
2018-08-13,1191.300049
2018-08-14,1193
2018-08-15,1177.5
2018-08-16,1176.199951
2018-08-17,1176.5
2018-08-20,1186.800049
2018-08-21,1192.599976
2018-08-22,1196.300049
2018-08-23,1187
2018-08-24,1206.300049
2018-08-27,1209
2018-08-28,1207.400024
2018-08-29,1204.5
2018-08-30,1197.699951
2018-08-31,1200.300049
2018-09-04,1192.699951
2018-09-05,1194.900024
2018-09-06,1197.900024
2018-09-07,1193.599976
2018-09-10,1193
2018-09-11,1195.400024
2018-09-12,1204.699951
2018-09-13,1202
2018-09-14,1195
2018-09-17,1199.699951
2018-09-18,1196.800049
2018-09-19,1202.199951
2018-09-20,1206.199951
2018-09-21,1196.199951
2018-09-24,1199.300049
2018-09-25,1200
2018-09-26,1194
2018-09-27,1182.300049
2018-09-28,1191.5
2018-10-01,1187.099976
2018-10-02,1202.400024
2018-10-03,1198.300049
2018-10-04,1197.199951
2018-10-05,1201.199951
2018-10-08,1184.400024
2018-10-09,1187.199951
2018-10-10,1189.300049
2018-10-11,1223.5
2018-10-12,1218.099976
2018-10-15,1226.400024
2018-10-16,1227.300049
2018-10-17,1223.699951
2018-10-18,1226.5
2018-10-19,1225.300049
2018-10-22,1221.199951
2018-10-23,1233.400024
2018-10-24,1227.800049
2018-10-25,1229.099976
2018-10-26,1232.5
2018-10-29,1224.5
2018-10-30,1222.599976
2018-10-31,1212.300049
2018-11-01,1236
2018-11-02,1230.900024
2018-11-05,1229.800049
2018-11-06,1223.800049
2018-11-07,1226.199951
2018-11-08,1222.900024
2018-11-09,1206.400024
2018-11-12,1201.300049
2018-11-13,1199.199951
2018-11-14,1207.900024
2018-11-15,1212.800049
2018-11-16,1220.800049
2018-11-19,1223.099976
2018-11-20,1219
2018-11-21,1225.800049
2018-11-23,1221
2018-11-26,1220.199951
2018-11-27,1211.199951
2018-11-28,1221.400024
2018-11-29,1224.099976
2018-11-30,1220.199951
2018-12-03,1233.900024
2018-12-04,1241.099976
2018-12-06,1238.099976
2018-12-07,1246.800049
2018-12-10,1243.699951
2018-12-11,1241.900024
2018-12-12,1244.400024
2018-12-13,1242.699951
2018-12-14,1237
2018-12-17,1247.400024
2018-12-18,1249.199951
2018-12-19,1252.099976
2018-12-20,1263.599976
2018-12-21,1253.800049
2018-12-24,1267.5
2018-12-26,1269.199951
2018-12-27,1277.300049
2018-12-28,1279.900024
2018-12-31,1278.300049
2019-01-02,1281
2019-01-03,1291.800049
2019-01-04,1282.699951
2019-01-07,1286.800049
2019-01-08,1283.199951
2019-01-09,1289.300049
2019-01-10,1284.699951
2019-01-11,1287.099976
2019-01-14,1289.099976
2019-01-15,1286.199951
2019-01-16,1291.599976
2019-01-17,1291
2019-01-18,1281.300049
2019-01-22,1282.5
2019-01-23,1283.099976
2019-01-24,1279.099976
2019-01-25,1297.400024
2019-01-28,1302.400024
2019-01-29,1308.199951
2019-01-30,1309.900024
2019-01-31,1319.699951
2019-02-01,1316.900024
2019-02-04,1314.300049
2019-02-05,1314.199951
2019-02-06,1309.5
2019-02-07,1309.400024
2019-02-08,1313.699951
2019-02-11,1307
2019-02-12,1309.199951
2019-02-13,1310.800049
2019-02-14,1309.800049
2019-02-15,1318.099976
2019-02-19,1340.099976
2019-02-20,1343.300049
2019-02-21,1323.5
2019-02-22,1329.199951
2019-02-25,1325.900024
2019-02-26,1325.099976
2019-02-27,1317.699951
2019-02-28,1312.800049
2019-03-01,1296.400024
2019-03-04,1284.800049
2019-03-05,1282
2019-03-06,1284.900024
2019-03-07,1283.800049
2019-03-08,1297
2019-03-11,1288.800049
2019-03-12,1296.300049
2019-03-13,1307.5
2019-03-14,1293.400024
2019-03-15,1301.800049
2019-03-18,1300.300049
2019-03-19,1305
2019-03-20,1300.5
2019-03-21,1306.099976
2019-03-22,1311.599976
2019-03-25,1321.900024
2019-03-26,1314.300049
2019-03-27,1309.900024
2019-03-28,1289.800049
2019-03-29,1293
2019-04-01,1288.400024
2019-04-02,1290
2019-04-03,1289.900024
2019-04-04,1289
2019-04-05,1290.400024
2019-04-08,1297.099976
2019-04-09,1303.5
2019-04-10,1309.099976
2019-04-11,1288.599976
2019-04-12,1290.599976
2019-04-15,1286.800049
2019-04-16,1272.599976
2019-04-17,1272.199951
2019-04-18,1271.900024
2019-04-22,1273.5
2019-04-23,1269.300049
2019-04-24,1275.5
2019-04-25,1275.800049
2019-04-26,1284.900024
2019-04-29,1278.599976
2019-04-30,1282.800049
2019-05-01,1281.400024
2019-05-02,1269.699951
2019-05-03,1279.199951
2019-05-06,1281.699951
2019-05-07,1283.5
2019-05-08,1279.400024
2019-05-09,1283.5
2019-05-10,1285.699951
2019-05-13,1300.099976
2019-05-14,1294.699951
2019-05-15,1296.300049
2019-05-16,1285
2019-05-17,1274.5
2019-05-20,1276.099976
2019-05-21,1272
2019-05-22,1273.599976
2019-05-23,1284.800049
2019-05-24,1283
2019-05-28,1276.5
2019-05-29,1280.599976
2019-05-30,1287.099976
2019-05-31,1305.800049
2019-06-03,1322.699951
2019-06-04,1323.400024
2019-06-05,1328.300049
2019-06-06,1337.599976
2019-06-07,1341.199951
2019-06-10,1324.699951
2019-06-11,1326.400024
2019-06-12,1331.900024
2019-06-13,1339.199951
2019-06-14,1340.099976
2019-06-17,1338.699951
2019-06-18,1346.599976
2019-06-19,1344.599976
2019-06-20,1392.900024
2019-06-21,1396.199951
2019-06-24,1414.300049
2019-06-25,1414.900024
2019-06-26,1411.599976
2019-06-27,1408.400024
2019-06-28,1409.699951
2019-07-01,1385.599976
2019-07-02,1404.599976
2019-07-03,1417.699951
2019-07-05,1396.699951
2019-07-08,1397
2019-07-09,1397.5
2019-07-10,1410.099976
2019-07-11,1404.300049
2019-07-12,1409.900024
2019-07-15,1411.400024
2019-07-16,1409.199951
2019-07-17,1421.300049
2019-07-18,1426.099976
2019-07-19,1425.099976
2019-07-22,1425.300049
2019-07-23,1420.099976
2019-07-24,1422.800049
2019-07-25,1413.900024
2019-07-26,1418.5
2019-07-29,1419.599976
2019-07-30,1429.699951
2019-07-31,1426.099976
2019-08-01,1420.900024
2019-08-02,1445.599976
2019-08-05,1464.599976
2019-08-06,1472.400024
2019-08-07,1507.300049
2019-08-08,1497.699951
2019-08-09,1496.599976
2019-08-12,1505.300049
2019-08-13,1502.199951
2019-08-14,1515.900024
2019-08-15,1519.599976
2019-08-16,1512.5
2019-08-19,1500.400024
2019-08-20,1504.599976
2019-08-21,1504.599976
2019-08-22,1497.300049
2019-08-23,1526.599976
2019-08-26,1526.300049
2019-08-27,1541
2019-08-28,1537.800049
2019-08-29,1526.5
2019-08-30,1519.099976
2019-09-03,1545.900024
2019-09-04,1550.300049
2019-09-05,1515.400024
2019-09-06,1506.199951
2019-09-09,1502.199951
2019-09-10,1490.300049
2019-09-11,1494.400024
2019-09-12,1498.699951
2019-09-13,1490.900024
2019-09-16,1503.099976
2019-09-17,1505.099976
2019-09-18,1507.5
2019-09-19,1498.400024
2019-09-20,1507.300049
2019-09-23,1523.699951
2019-09-24,1532.099976
2019-09-25,1504.599976
2019-09-26,1507.5
2019-09-27,1499.099976
2019-09-30,1465.699951
2019-10-01,1482
2019-10-02,1501
2019-10-03,1507.099976
2019-10-04,1506.199951
2019-10-07,1497.699951
2019-10-08,1497.199951
2019-10-09,1506.099976
2019-10-10,1494.800049
2019-10-11,1482.699951
2019-10-14,1491.699951
2019-10-15,1477.599976
2019-10-16,1488
2019-10-17,1492.300049
2019-10-18,1488.199951
2019-10-21,1482.400024
2019-10-22,1481.699951
2019-10-23,1489.900024
2019-10-24,1498.900024
2019-10-25,1499.5
2019-10-28,1490
2019-10-29,1487
2019-10-30,1493.199951
2019-10-31,1511.400024
2019-11-01,1508
2019-11-04,1508
2019-11-05,1480.800049
2019-11-06,1490.199951
2019-11-07,1464.199951
2019-11-08,1461.300049
2019-11-11,1455.5
2019-11-12,1452.099976
2019-11-13,1461.699951
2019-11-14,1471.800049
2019-11-15,1467.300049
2019-11-18,1470.900024
2019-11-19,1473.300049
2019-11-20,1473.300049
2019-11-21,1463.099976
2019-11-22,1463.099976
2019-11-25,1456.599976
2019-11-26,1459.800049
2019-11-27,1453.400024
2019-11-29,1465.599976
2019-12-02,1462.300049
2019-12-03,1478.199951
2019-12-04,1474
2019-12-05,1476.900024
2019-12-06,1459.099976
2019-12-09,1459.300049
2019-12-10,1462.599976
2019-12-11,1469.400024
2019-12-12,1466.699951
2019-12-13,1475.599976
2019-12-16,1475
2019-12-17,1474.599976
2019-12-18,1472.599976
2019-12-19,1478.199951
2019-12-20,1474.699951
2019-12-23,1482.5
2019-12-24,1499.099976
2019-12-26,1509.300049
2019-12-27,1513.800049
2019-12-30,1514.5
2019-12-31,1519.5
2020-01-02,1524.5
2020-01-03,1549.199951
2020-01-06,1566.199951
2020-01-07,1571.800049
2020-01-08,1557.400024
2020-01-09,1551.699951
2020-01-10,1557.5
2020-01-13,1548.400024
2020-01-14,1542.400024
2020-01-15,1552.099976
2020-01-16,1549
2020-01-17,1558.800049
2020-01-21,1556.400024
2020-01-22,1555.300049
2020-01-23,1564.599976
2020-01-24,1571.099976
2020-01-27,1576.800049
2020-01-28,1569.199951
2020-01-29,1569.800049
2020-01-30,1583.5
2020-01-31,1582.900024
2020-02-03,1577.199951
2020-02-04,1550.400024
2020-02-05,1557.800049
2020-02-06,1565.099976
2020-02-07,1568.599976
2020-02-10,1574.699951
2020-02-11,1565.599976
2020-02-12,1567.400024
2020-02-13,1575.099976
2020-02-14,1582.699951
2020-02-18,1600
2020-02-19,1607.5
2020-02-20,1616.599976
2020-02-21,1644.599976
2020-02-24,1672.400024
2020-02-25,1646.900024
2020-02-26,1640
2020-02-27,1640
2020-02-28,1564.099976
2020-03-02,1592.300049
2020-03-03,1642.099976
2020-03-04,1641.099976
2020-03-05,1666.400024
2020-03-06,1670.800049
2020-03-09,1674.5
2020-03-10,1659.099976
2020-03-11,1641.400024
2020-03-12,1589.300049
2020-03-13,1515.699951
2020-03-16,1485.900024
2020-03-17,1524.900024
2020-03-18,1477.300049
2020-03-19,1478.599976
2020-03-20,1484
2020-03-23,1567
2020-03-24,1660.199951
2020-03-25,1632.300049
2020-03-26,1650.099976
2020-03-27,1623.900024
2020-03-30,1622
2020-03-31,1583.400024
2020-04-01,1578.199951
2020-04-02,1625.699951
2020-04-03,1633.699951
2020-04-06,1677
2020-04-07,1664.800049
2020-04-08,1665.400024
2020-04-09,1736.199951
2020-04-13,1744.800049
2020-04-14,1756.699951
2020-04-15,1727.199951
2020-04-16,1720.400024
2020-04-17,1689.199951
2020-04-20,1701.599976
2020-04-21,1678.199951
2020-04-22,1728.699951
2020-04-23,1733.300049
2020-04-24,1723.5
2020-04-27,1711.900024
2020-04-28,1710.5
2020-04-29,1703.400024
2020-04-30,1684.199951
2020-05-01,1694.5
2020-05-04,1706.900024
2020-05-05,1704.400024
2020-05-06,1684.199951
2020-05-07,1721.800049
2020-05-08,1709.900024
2020-05-11,1695.300049
2020-05-12,1704.400024
2020-05-13,1713.900024
2020-05-14,1738.099976
2020-05-15,1753.400024
2020-05-18,1731.800049
2020-05-19,1744.199951
2020-05-20,1750.599976
2020-05-21,1720.5
2020-05-22,1734.599976
2020-05-26,1704.800049
2020-05-27,1710.300049
2020-05-28,1713.300049
2020-05-29,1751.699951
2020-06-01,1750.300049
2020-06-02,1734
2020-06-03,1704.800049
2020-06-04,1727.400024
2020-06-05,1683
2020-06-08,1705.099976
2020-06-09,1721.900024
2020-06-10,1720.699951
2020-06-11,1739.800049
2020-06-12,1737.300049
2020-06-15,1727.199951
2020-06-16,1736.5
2020-06-17,1735.599976
2020-06-18,1731.099976
2020-06-19,1753
2020-06-22,1766.400024
2020-06-23,1782
2020-06-24,1775.099976
2020-06-25,1770.599976
2020-06-26,1780.300049
2020-06-29,1781.199951
2020-06-30,1800.5
2020-07-01,1779.900024
2020-07-02,1790
2020-07-06,1793.5
2020-07-07,1809.900024
2020-07-08,1820.599976
2020-07-09,1803.800049
2020-07-10,1801.900024
2020-07-13,1814.099976
2020-07-14,1813.400024
2020-07-15,1813.800049
2020-07-16,1800.300049
2020-07-17,1810
2020-07-20,1817.400024
2020-07-21,1843.900024
2020-07-22,1865.099976
2020-07-23,1890
2020-07-24,1897.5
2020-07-27,1931
2020-07-28,1944.599976
2020-07-29,1953.400024
2020-07-30,1942.300049
2020-07-31,1962.800049
2020-08-03,1966
2020-08-04,2021
2020-08-05,2049.300049
2020-08-06,2069.399902
2020-08-07,2028
2020-08-10,2039.699951
2020-08-11,1946.300049
2020-08-12,1949
2020-08-13,1970.400024
2020-08-14,1949.800049
2020-08-17,1998.699951
2020-08-18,2013.099976
2020-08-19,1970.300049
2020-08-20,1946.5
2020-08-21,1947
2020-08-24,1939.199951
2020-08-25,1923.099976
2020-08-26,1952.5
2020-08-27,1932.599976
2020-08-28,1974.900024
2020-08-31,1978.599976
2020-09-01,1978.900024
2020-09-02,1944.699951
2020-09-03,1937.800049
2020-09-04,1934.300049
2020-09-08,1943.199951
2020-09-09,1954.900024
2020-09-10,1964.300049
2020-09-11,1947.900024
2020-09-14,1963.699951
2020-09-15,1966.199951
2020-09-16,1970.5
2020-09-17,1949.900024
2020-09-18,1962.099976
2020-09-21,1910.599976
2020-09-22,1907.599976
2020-09-23,1868.400024
2020-09-24,1876.900024
2020-09-25,1866.300049
2020-09-28,1882.300049
2020-09-29,1903.199951
2020-09-30,1895.5
2020-10-01,1916.300049
2020-10-02,1907.599976
2020-10-05,1920.099976
2020-10-06,1908.800049
2020-10-07,1890.800049
2020-10-08,1895.099976
2020-10-09,1926.199951
2020-10-12,1928.900024
2020-10-13,1894.599976
2020-10-14,1907.300049
2020-10-15,1908.900024
2020-10-16,1906.400024
2020-10-19,1911.699951
2020-10-20,1915.400024
2020-10-21,1929.5
2020-10-22,1904.599976
2020-10-23,1905.199951
2020-10-26,1905.699951
2020-10-27,1911.900024
2020-10-28,1879.199951
2020-10-29,1868
2020-10-30,1879.900024
2020-11-02,1892.5
2020-11-03,1910.400024
2020-11-04,1896.199951
2020-11-05,1946.800049
2020-11-06,1951.699951
2020-11-09,1854.400024
2020-11-10,1876.400024
2020-11-11,1861.599976
2020-11-12,1873.300049
2020-11-13,1886.199951
2020-11-16,1887.800049
2020-11-17,1885.099976
2020-11-18,1873.900024
2020-11-19,1861.5
2020-11-20,1872.400024
2020-11-23,1837.800049
2020-11-24,1804.599976
2020-11-25,1805.5
2020-11-27,1781.900024
2020-11-30,1775.699951
2020-12-01,1814.099976
2020-12-02,1830.199951
2020-12-03,1841.099976
2020-12-04,1840
2020-12-07,1866
2020-12-08,1874.900024
2020-12-09,1838.5
2020-12-10,1837.400024
2020-12-11,1843.599976
2020-12-14,1832.099976
2020-12-15,1855.300049
2020-12-16,1859.099976
2020-12-17,1890.400024
2020-12-18,1888.900024
2020-12-21,1882.800049
2020-12-22,1870.300049
2020-12-23,1878.099976
2020-12-24,1883.199951
2020-12-28,1880.400024
2020-12-29,1882.900024
2020-12-30,1893.400024
2020-12-31,1895.099976
2021-01-04,1946.599976
2021-01-05,1954.400024
2021-01-06,1908.599976
2021-01-07,1913.599976
2021-01-08,1835.400024
2021-01-11,1850.800049
2021-01-12,1844.199951
2021-01-13,1854.900024
2021-01-14,1851.400024
2021-01-15,1829.900024
2021-01-19,1840.199951
2021-01-20,1866.5
2021-01-21,1865.900024
2021-01-22,1856.199951
2021-01-25,1855.199951
2021-01-26,1850.900024
2021-01-27,1844.900024
2021-01-28,1837.900024
2021-01-29,1847.300049
2021-02-01,1863.900024
2021-02-02,1833.400024
2021-02-03,1835.099976
2021-02-04,1791.199951
2021-02-05,1813
2021-02-08,1834.199951
2021-02-09,1837.5
2021-02-10,1842.699951
2021-02-11,1826.800049
2021-02-12,1823.199951
2021-02-16,1799
2021-02-17,1772.800049
2021-02-18,1775
2021-02-19,1777.400024
2021-02-22,1808.400024
2021-02-23,1805.900024
2021-02-24,1797.900024
2021-02-25,1775.400024
2021-02-26,1728.800049
2021-03-01,1723
2021-03-02,1733.599976
2021-03-03,1715.800049
2021-03-04,1700.699951
2021-03-05,1698.5
2021-03-08,1678
2021-03-09,1716.900024
2021-03-10,1721.800049
2021-03-11,1722.599976
2021-03-12,1719.800049
2021-03-15,1729.199951
2021-03-16,1730.900024
2021-03-17,1727.099976
2021-03-18,1732.5
2021-03-19,1741.699951
2021-03-22,1738.099976
2021-03-23,1725.099976
2021-03-24,1733.199951
2021-03-25,1725.099976
2021-03-26,1732.300049
2021-03-29,1712.199951
2021-03-30,1683.900024
2021-03-31,1713.800049
2021-04-01,1728.400024
2021-04-05,1728.800049
2021-04-06,1743
2021-04-07,1741.599976
2021-04-08,1758.199951
2021-04-09,1744.800049
2021-04-12,1732.699951
2021-04-13,1747.599976
2021-04-14,1736.300049
2021-04-15,1766.800049
2021-04-16,1780.199951
2021-04-19,1770.599976
2021-04-20,1778.400024
2021-04-21,1793.099976
2021-04-22,1782
2021-04-23,1777.800049
2021-04-26,1780.099976
2021-04-27,1778.800049
2021-04-28,1773.900024
2021-04-29,1768.300049
2021-04-30,1767.699951
2021-05-03,1791.800049
2021-05-04,1776
2021-05-05,1784.300049
2021-05-06,1815.699951
2021-05-07,1831.300049
2021-05-10,1837.599976
2021-05-11,1836.099976
2021-05-12,1822.800049
2021-05-13,1824
2021-05-14,1838.099976
2021-05-17,1867.599976
2021-05-18,1868
2021-05-19,1881.5
2021-05-20,1881.900024
2021-05-21,1876.699951
2021-05-24,1884.5
2021-05-25,1898
2021-05-26,1901.199951
2021-05-27,1895.699951
2021-05-28,1902.5
2021-06-01,1905
2021-06-02,1909.900024
2021-06-03,1873.300049
2021-06-04,1892
2021-06-07,1898.800049
2021-06-08,1894.400024
2021-06-09,1895.5
2021-06-10,1896.400024
2021-06-11,1879.599976
2021-06-14,1865.900024
2021-06-15,1856.400024
2021-06-16,1861.400024
2021-06-17,1774.800049
2021-06-18,1769
2021-06-21,1782.900024
2021-06-22,1777.400024
2021-06-23,1783.400024
2021-06-24,1776.699951
2021-06-25,1777.800049
2021-06-28,1780.699951
2021-06-29,1763.599976
2021-06-30,1771.599976
2021-07-01,1776.800049
2021-07-02,1783.300049
2021-07-06,1794.199951
2021-07-07,1802.099976
2021-07-08,1800.199951
2021-07-09,1810.599976
2021-07-12,1805.900024
2021-07-13,1809.900024
2021-07-14,1825
2021-07-15,1829
2021-07-16,1815
2021-07-19,1809.199951
2021-07-20,1811.400024
2021-07-21,1803.400024
2021-07-22,1805.400024
2021-07-23,1801.800049
2021-07-26,1799.199951
2021-07-27,1799.800049
2021-07-28,1799.699951
2021-07-29,1831.199951
2021-07-30,1812.599976
2021-08-02,1822.199951
2021-08-03,1814.099976
2021-08-04,1814.5
2021-08-05,1808.900024
2021-08-06,1763.099976
2021-08-09,1726.5
2021-08-10,1731.699951
2021-08-11,1753.300049
2021-08-12,1751.800049
2021-08-13,1778.199951
2021-08-16,1789.800049
2021-08-17,1787.800049
2021-08-18,1784.400024
2021-08-19,1783.099976
2021-08-20,1784
2021-08-23,1806.300049
2021-08-24,1808.5
2021-08-25,1791
2021-08-26,1795.199951
2021-08-27,1819.5
2021-08-30,1812.199951
2021-08-31,1818.099976
2021-09-01,1816
2021-09-02,1811.5
2021-09-03,1833.699951
2021-09-07,1798.5
2021-09-08,1793.5
2021-09-09,1800
2021-09-10,1792.099976
2021-09-13,1794.400024
2021-09-14,1807.099976
2021-09-15,1794.800049
2021-09-16,1756.699951
2021-09-17,1751.400024
2021-09-20,1763.800049
2021-09-21,1778.199951
2021-09-22,1778.800049
2021-09-23,1749.800049
2021-09-24,1751.699951
2021-09-27,1752
2021-09-28,1737.5
2021-09-29,1722.900024
2021-09-30,1757
2021-10-01,1758.400024
2021-10-04,1767.599976
2021-10-05,1760.900024
2021-10-06,1761.800049
2021-10-07,1759.199951
2021-10-08,1757.400024
2021-10-11,1755.699951
2021-10-12,1759.300049
2021-10-13,1794.699951
2021-10-14,1797.900024
2021-10-15,1768.300049
2021-10-18,1765.699951
2021-10-19,1770.5
2021-10-20,1784.900024
2021-10-21,1781.900024
2021-10-22,1796.300049
2021-10-25,1806.800049
2021-10-26,1793.400024
2021-10-27,1798.800049
2021-10-28,1802.599976
2021-10-29,1783.900024
2021-11-01,1795.800049
2021-11-02,1789.400024
2021-11-03,1763.900024
2021-11-04,1793.5
2021-11-05,1816.800049
2021-11-08,1828
2021-11-09,1830.800049
2021-11-10,1848.300049
2021-11-11,1863.900024
2021-11-12,1868.5
2021-11-15,1866.599976
2021-11-16,1854.099976
2021-11-17,1870.199951
2021-11-18,1861.400024
2021-11-19,1851.599976
2021-11-22,1806.300049
2021-11-23,1783.800049
2021-11-24,1784.300049
2021-11-26,1785.5
2021-11-29,1782.300049
2021-11-30,1773.599976
2021-12-01,1784.300049
2021-12-02,1762.699951
2021-12-03,1783.900024
2021-12-06,1779.5
2021-12-07,1784.699951
2021-12-08,1785.5
2021-12-09,1776.699951
2021-12-10,1784.800049
2021-12-13,1788.300049
2021-12-14,1772.300049
2021-12-15,1764.5
2021-12-16,1798.199951
2021-12-17,1804.900024
2021-12-20,1794.599976
2021-12-21,1788.699951
2021-12-22,1802.199951
2021-12-23,1811.699951
2021-12-27,1808.800049
2021-12-28,1810.900024
2021-12-29,1805.800049
2021-12-30,1814.099976
2021-12-31,1828.599976
2022-01-03,1800.099976
2022-01-04,1814.599976
2022-01-05,1825.099976
2022-01-06,1789.199951
2022-01-07,1797.400024
2022-01-10,1798.800049
2022-01-11,1818.5
2022-01-12,1827.300049
2022-01-13,1821.400024
2022-01-14,1816.5
2022-01-18,1812.400024
2022-01-19,1843.199951
2022-01-20,1842.599976
2022-01-21,1831.800049
2022-01-24,1841.699951
2022-01-25,1852.5
2022-01-26,1829.699951
2022-01-27,1793.099976
2022-01-28,1784.900024
2022-01-31,1795
2022-02-01,1801.5
2022-02-02,1810.300049
2022-02-03,1804.099976
2022-02-04,1807.800049
2022-02-07,1821.800049
2022-02-08,1827.900024
2022-02-09,1836.599976
2022-02-10,1837.400024
2022-02-11,1842.099976
2022-02-14,1869.400024
2022-02-15,1856.199951
2022-02-16,1871.5
2022-02-17,1902
2022-02-18,1899.800049
2022-02-22,1907.400024
2022-02-23,1910.400024
2022-02-24,1926.300049
2022-02-25,1887.599976
2022-02-28,1900.699951
2022-03-01,1943.800049
2022-03-02,1922.300049
2022-03-03,1935.900024
2022-03-04,1966.599976
2022-03-07,1995.900024
2022-03-08,2043.300049
2022-03-09,1988.199951
2022-03-10,2000.400024
2022-03-11,1985
2022-03-14,1960.800049
2022-03-15,1929.699951
2022-03-16,1909.199951
2022-03-17,1943.199951
2022-03-18,1929.300049
2022-03-21,1929.5
2022-03-22,1921.5
2022-03-23,1937.300049
2022-03-24,1962.199951
2022-03-25,1954.199951
2022-03-28,1939.800049
2022-03-29,1912.199951
2022-03-30,1933.5
2022-03-31,1949.199951
2022-04-01,1923.699951
2022-04-04,1934
2022-04-05,1927.5
2022-04-06,1923.099976
2022-04-07,1937.800049
2022-04-08,1945.599976
2022-04-11,1948.199951
2022-04-12,1976.099976
2022-04-13,1984.699951
2022-04-14,1974.900024
2022-04-18,1986.400024
2022-04-19,1959
2022-04-20,1955.599976
2022-04-21,1948.199951
2022-04-22,1934.300049
2022-04-25,1896
2022-04-26,1904.099976
2022-04-27,1888.699951
2022-04-28,1891.300049
2022-04-29,1911.699951
2022-05-02,1863.599976
2022-05-03,1870.599976
2022-05-04,1868.800049
2022-05-05,1875.699951
2022-05-06,1882.800049
2022-05-09,1858.599976
2022-05-10,1841
2022-05-11,1853.699951
2022-05-12,1824.599976
2022-05-13,1808.199951
2022-05-16,1814
2022-05-17,1818.900024
2022-05-18,1815.900024
2022-05-19,1841.199951
2022-05-20,1842.099976
2022-05-23,1847.800049
2022-05-24,1865.400024
2022-05-25,1846.300049
2022-05-26,1847.599976
2022-05-27,1851.300049
2022-05-31,1842.699951
2022-06-01,1848.699951
2022-06-02,1871.400024
2022-06-03,1850.199951
2022-06-06,1843.699951
2022-06-07,1852.099976
2022-06-08,1856.5
2022-06-09,1852.800049
2022-06-10,1875.5
2022-06-13,1831.800049
2022-06-14,1813.5
2022-06-15,1819.599976
2022-06-16,1849.900024
2022-06-17,1840.599976
2022-06-21,1838.800049
2022-06-22,1838.400024
2022-06-23,1829.800049
2022-06-24,1830.300049
2022-06-27,1824.800049
2022-06-28,1821.199951
2022-06-29,1817.5
2022-06-30,1807.300049
2022-07-01,1801.5
2022-07-05,1763.900024
2022-07-06,1736.5
2022-07-07,1739.699951
2022-07-08,1742.300049
2022-07-11,1731.699951
2022-07-12,1724.800049
2022-07-13,1735.5
2022-07-14,1705.800049
2022-07-15,1703.599976
2022-07-18,1710.199951
2022-07-19,1710.699951
2022-07-20,1700.199951
2022-07-21,1713.400024
2022-07-22,1727.400024
2022-07-25,1719.099976
2022-07-26,1717.699951
2022-07-27,1719.099976
2022-07-28,1750.300049
2022-07-29,1762.900024
2022-08-01,1787.699951
2022-08-02,1789.699951
2022-08-03,1776.400024
2022-08-04,1806.900024
2022-08-05,1791.199951
2022-08-08,1805.199951
2022-08-09,1812.300049
2022-08-10,1813.699951
2022-08-11,1807.199951
2022-08-12,1815.5
2022-08-15,1798.099976
2022-08-16,1789.699951
2022-08-17,1776.699951
2022-08-18,1771.199951
2022-08-19,1762.900024
2022-08-22,1748.400024
2022-08-23,1761.199951
2022-08-24,1761.5
2022-08-25,1771.400024
2022-08-26,1749.800049
2022-08-29,1749.699951
2022-08-30,1736.300049
2022-08-31,1726.199951
2022-09-01,1709.300049
2022-09-02,1722.599976
2022-09-06,1712.900024
2022-09-07,1727.800049
2022-09-08,1720.199951
2022-09-09,1728.599976
2022-09-12,1740.599976
2022-09-13,1717.400024
2022-09-14,1709.099976
2022-09-15,1677.300049
2022-09-16,1683.5
2022-09-19,1678.199951
2022-09-20,1671.099976
2022-09-21,1675.699951
2022-09-22,1681.099976
2022-09-23,1655.599976
2022-09-26,1633.400024
2022-09-27,1636.199951
2022-09-28,1670
2022-09-29,1668.599976
2022-09-30,1672
2022-10-03,1702
2022-10-04,1730.5
2022-10-05,1720.800049
2022-10-06,1720.800049
2022-10-07,1709.300049
2022-10-10,1675.199951
2022-10-11,1686
2022-10-12,1677.5
2022-10-13,1677
2022-10-14,1648.900024
2022-10-17,1664
2022-10-18,1655.800049
2022-10-19,1634.199951
2022-10-20,1636.800049
2022-10-21,1656.300049
2022-10-24,1654.099976
2022-10-25,1658
2022-10-26,1669.199951
2022-10-27,1665.599976
2022-10-28,1644.800049
2022-10-31,1640.699951
2022-11-01,1649.699951
2022-11-02,1650
2022-11-03,1630.900024
2022-11-04,1676.599976
2022-11-07,1680.5
2022-11-08,1716
2022-11-09,1713.699951
2022-11-10,1753.699951
2022-11-11,1769.400024
2022-11-14,1776.900024
2022-11-15,1776.800049
2022-11-16,1775.800049
2022-11-17,1763
2022-11-18,1754.400024
2022-11-21,1739.599976
2022-11-22,1739.900024
2022-11-23,1745.599976
2022-11-25,1754
2022-11-28,1740.300049
2022-11-29,1748.400024
2022-11-30,1746
2022-12-01,1815.199951
2022-12-02,1809.599976
2022-12-05,1781.300049
2022-12-06,1782.400024
2022-12-07,1798
2022-12-08,1801.5
2022-12-09,1810.699951
2022-12-12,1792.300049
2022-12-13,1825.5
2022-12-14,1818.699951
2022-12-15,1787.800049
2022-12-16,1800.199951
2022-12-19,1797.699951
2022-12-20,1825.400024
2022-12-21,1825.400024
2022-12-22,1795.300049
2022-12-23,1804.199951
2022-12-27,1823.099976
2022-12-28,1815.800049
2022-12-29,1826
2022-12-30,1826.199951
2023-01-03,1846.099976
2023-01-04,1859
2023-01-05,1840.599976
2023-01-06,1869.699951
2023-01-09,1877.800049
2023-01-10,1876.5
2023-01-11,1878.900024
2023-01-12,1898.800049
2023-01-13,1921.699951
2023-01-17,1909.900024
2023-01-18,1907
2023-01-19,1923.900024
2023-01-20,1928.199951
2023-01-23,1928.599976
2023-01-24,1935.400024
2023-01-25,1942.599976
2023-01-26,1930
2023-01-27,1929.400024
2023-01-30,1922.900024
2023-01-31,1929.5
2023-02-01,1942.800049
2023-02-02,1930.800049
2023-02-03,1876.599976
2023-02-06,1879.5
2023-02-07,1884.800049
2023-02-08,1890.699951
2023-02-09,1878.5
2023-02-10,1874.5
2023-02-13,1863.5
2023-02-14,1865.400024
2023-02-15,1845.300049
2023-02-16,1851.800049
2023-02-17,1850.199951
2023-02-21,1842.5
2023-02-22,1841.5
2023-02-23,1826.800049
2023-02-24,1817.099976
2023-02-27,1824.900024
2023-02-28,1836.699951
2023-03-01,1845.400024
2023-03-02,1840.5
2023-03-03,1854.599976
2023-03-06,1854.599976
2023-03-07,1820
2023-03-08,1818.599976
2023-03-09,1834.599976
2023-03-10,1867.199951
2023-03-13,1916.5
2023-03-14,1910.900024
2023-03-15,1931.300049
2023-03-16,1923
2023-03-17,1973.5
2023-03-20,1982.800049
2023-03-21,1941.099976
2023-03-22,1949.599976
2023-03-23,1995.900024
2023-03-24,1983.800049
2023-03-27,1953.800049
2023-03-28,1973.5
2023-03-29,1966.900024
2023-03-30,1980.300049
2023-03-31,1969
2023-04-03,2000.400024
2023-04-04,2038.199951
2023-04-05,2035.599976
2023-04-06,2026.400024
2023-04-10,2003.800049
2023-04-11,2019
2023-04-12,2024.900024
2023-04-13,2055.300049
2023-04-14,2015.800049
2023-04-17,2007
2023-04-18,2019.699951
2023-04-19,2007.300049
2023-04-20,2019.099976
2023-04-21,1990.5
2023-04-24,1999.800049
2023-04-25,2004.5
2023-04-26,1996
2023-04-27,1999
2023-04-28,1999.099976
2023-05-01,1992.199951
2023-05-02,2023.300049
2023-05-03,2037
2023-05-04,2055.699951
2023-05-05,2024.800049
2023-05-08,2033.199951
2023-05-09,2042.900024
2023-05-10,2037.099976
2023-05-11,2020.5
2023-05-12,2019.800049
2023-05-15,2022.699951
2023-05-16,1993
2023-05-17,1984.900024
2023-05-18,1959.800049
2023-05-19,1981.599976
2023-05-22,1977.199951
2023-05-23,1974.5
2023-05-24,1964.599976
2023-05-25,1943.699951
2023-05-26,1944.300049
2023-05-30,1958
2023-05-31,1963.900024
2023-06-01,1995.5
2023-06-02,1969.599976
2023-06-05,1974.300049
2023-06-06,1981.5
2023-06-07,1958.400024
2023-06-08,1978.599976
2023-06-09,1977.199951
2023-06-12,1969.699951
2023-06-13,1958.599976
2023-06-14,1968.900024
2023-06-15,1970.699951
2023-06-16,1971.199951
2023-06-20,1947.699951
2023-06-21,1944.900024
2023-06-22,1923.699951
2023-06-23,1929.599976
2023-06-26,1933.800049
2023-06-27,1923.800049
2023-06-28,1922.199951
2023-06-29,1917.900024
2023-06-30,1929.400024
2023-07-03,1929.5
2023-07-05,1927.099976
2023-07-06,1915.400024
2023-07-07,1932.5
2023-07-10,1931
2023-07-11,1937.099976
2023-07-12,1961.699951
2023-07-13,1963.800049
2023-07-14,1964.400024
2023-07-17,1956.400024
2023-07-18,1980.800049
2023-07-19,1980.800049
2023-07-20,1970.900024
2023-07-21,1966.599976
2023-07-24,1962.199951
2023-07-25,1963.699951
2023-07-26,1970.099976
2023-07-27,1945.699951
2023-07-28,1960.400024
2023-07-31,1970.5
2023-08-01,1978.800049
2023-08-02,1975
2023-08-03,1968.800049
2023-08-04,1976.099976
2023-08-07,1970
2023-08-08,1959.900024
2023-08-09,1950.599976
2023-08-10,1948.900024
2023-08-11,1946.599976
2023-08-14,1944
2023-08-15,1935.199951
2023-08-16,1928.300049
2023-08-17,1915.199951
2023-08-18,1916.5
2023-08-21,1923
2023-08-22,1926
2023-08-23,1948.099976
2023-08-24,1947.099976
2023-08-25,1939.900024
2023-08-28,1946.800049
2023-08-29,1965.099976
2023-08-30,1973
2023-08-31,1965.900024
2023-09-01,1967.099976
2023-09-05,1952.599976
2023-09-06,1944.199951
2023-09-07,1942.5
2023-09-08,1942.699951
2023-09-11,1947.199951
2023-09-12,1935.099976
2023-09-13,1932.5
2023-09-14,1932.800049
2023-09-15,1946.199951
2023-09-18,1953.400024
2023-09-19,1953.699951
2023-09-20,1967.099976
2023-09-21,1939.599976
2023-09-22,1945.599976
2023-09-25,1936.599976
2023-09-26,1919.800049
2023-09-27,1890.900024
2023-09-28,1878.599976
2023-09-29,1866.099976
2023-10-02,1847.199951
2023-10-03,1841.5
2023-10-04,1834.800049
2023-10-05,1831.800049
2023-10-06,1845.199951
2023-10-09,1864.300049
2023-10-10,1875.300049
2023-10-11,1887.300049
2023-10-12,1883
2023-10-13,1941.5
2023-10-16,1934.300049
2023-10-17,1935.699951
2023-10-18,1968.300049
2023-10-19,1980.5
2023-10-20,1994.400024
2023-10-23,1987.800049
2023-10-24,1986.099976
2023-10-25,1994.900024
2023-10-26,1997.400024
2023-10-27,1998.5
2023-10-30,2005.599976
2023-10-31,1994.300049
2023-11-01,1987.5
2023-11-02,1993.5
2023-11-03,1999.199951
2023-11-06,1988.599976
2023-11-07,1973.5
2023-11-08,1957.800049
2023-11-09,1969.800049
2023-11-10,1937.699951
2023-11-13,1950.199951
2023-11-14,1966.5
2023-11-15,1964.300049
2023-11-16,1987.300049
2023-11-17,1984.699951
2023-11-20,1980.300049
2023-11-21,2001.599976
2023-11-22,1992.800049
2023-11-23,1993.300049
2023-11-24,2003
2023-11-27,2012.400024
2023-11-28,2040
2023-11-29,2047.099976
2023-11-30,2038.099976
2023-12-01,2089.699951
2023-12-04,2042.199951
2023-12-05,2036.300049
2023-12-06,2047.900024
2023-12-07,2046.400024
2023-12-08,2014.5
2023-12-11,1993.699951
2023-12-12,1993.199951
2023-12-13,1997.300049
2023-12-14,2044.900024
2023-12-15,2035.699951
2023-12-18,2040.5
2023-12-19,2052.100098
2023-12-20,2047.699951
2023-12-21,2051.300049
2023-12-22,2069.100098
2023-12-26,2069.800049
2023-12-27,2093.100098
2023-12-28,2083.5
2023-12-29,2071.800049
2024-01-02,2073.399902
2024-01-03,2042.800049
2024-01-04,2050
2024-01-05,2049.800049
2024-01-08,2033.5
2024-01-09,2033
2024-01-10,2027.800049
2024-01-11,2019.199951
2024-01-12,2051.600098
2024-01-16,2030.199951
2024-01-17,2006.5
2024-01-18,2021.599976
2024-01-19,2029.300049
2024-01-22,2022.199951
2024-01-23,2025.800049
2024-01-24,2016
2024-01-25,2017.800049
2024-01-26,2017.300049
2024-01-29,2025.400024
2024-01-30,2031.5
2024-01-31,2048.399902
2024-02-01,2071.100098
2024-02-02,2053.699951
2024-02-05,2042.900024
2024-02-06,2051.399902
2024-02-07,2051.699951
2024-02-08,2047.900024
2024-02-09,2038.699951
2024-02-12,2033
2024-02-13,2007.199951
2024-02-14,2004.300049
2024-02-15,2014.900024
2024-02-16,2024.099976
2024-02-20,2039.800049
2024-02-21,2034.300049
2024-02-22,2030.699951
2024-02-23,2049.399902
2024-02-26,2038.900024
2024-02-27,2044.099976
2024-02-28,2042.699951
2024-02-29,2054.699951
2024-03-01,2095.699951
2024-03-04,2126.300049
2024-03-05,2141.899902
2024-03-06,2158.199951
2024-03-07,2165.199951
2024-03-08,2185.5
2024-03-11,2188.600098
2024-03-12,2166.100098
2024-03-13,2180.800049
2024-03-14,2167.5
2024-03-15,2161.5
2024-03-18,2164.300049
2024-03-19,2159.699951
2024-03-20,2161
2024-03-21,2184.699951
2024-03-22,2160
2024-03-25,2176.399902
2024-03-26,2177.199951
2024-03-27,2190.600098
2024-03-28,2217.399902
2024-04-01,2257.100098
2024-04-02,2281.800049
2024-04-03,2315
2024-04-04,2308.5
2024-04-05,2345.399902
2024-04-08,2351
2024-04-09,2362.399902
2024-04-10,2348.399902
2024-04-11,2372.699951
2024-04-12,2374.100098
2024-04-15,2383
2024-04-16,2407.800049
2024-04-17,2388.399902
2024-04-18,2398
2024-04-19,2413.800049
2024-04-22,2346.399902
2024-04-23,2342.100098
2024-04-24,2338.399902
2024-04-25,2342.5
2024-04-26,2347.199951
2024-04-29,2357.699951
2024-04-30,2302.899902
2024-05-01,2311
2024-05-02,2309.600098
2024-05-03,2308.600098
2024-05-06,2331.199951
2024-05-07,2324.199951
2024-05-08,2322.300049
2024-05-09,2340.300049
2024-05-10,2375
2024-05-13,2343
2024-05-14,2359.899902
2024-05-15,2394.899902
2024-05-16,2385.5
2024-05-17,2417.399902
2024-05-20,2438.5
2024-05-21,2425.899902
2024-05-22,2392.899902
2024-05-23,2337.199951
2024-05-24,2334.5
2024-05-28,2356.5
2024-05-29,2341.199951
2024-05-30,2342.899902
2024-05-31,2322.899902
2024-06-03,2369.300049
2024-06-04,2347.399902
2024-06-05,2375.5
2024-06-06,2390.899902
2024-06-07,2325
2024-06-10,2327
2024-06-11,2326.600098
2024-06-12,2354.800049
2024-06-13,2318
2024-06-14,2349.100098
2024-06-17,2329
2024-06-18,2346.899902
2024-06-20,2369
2024-06-21,2331.199951
2024-06-24,2344.399902
2024-06-25,2330.800049
2024-06-26,2313.199951
2024-06-27,2336.600098
2024-06-28,2339.600098
2024-07-01,2338.899902
2024-07-02,2333.399902
2024-07-03,2369.399902
2024-07-05,2397.699951
2024-07-08,2363.5
2024-07-09,2367.899902
2024-07-10,2379.699951
2024-07-11,2421.899902
2024-07-12,2420.699951
2024-07-15,2428.899902
2024-07-16,2467.800049
2024-07-17,2459.899902
2024-07-18,2456.399902
2024-07-19,2399.100098
2024-07-22,2394.699951
2024-07-23,2407.300049
2024-07-24,2415.699951
2024-07-25,2353.5
2024-07-26,2381
2024-07-29,2377.800049
2024-07-30,2405
2024-07-31,2426.5
2024-08-01,2480.800049
2024-08-02,2469.800049
2024-08-05,2444.399902
2024-08-06,2431.600098
2024-08-07,2432.399902
2024-08-08,2463.300049
2024-08-09,2473.399902
2024-08-12,2504
2024-08-13,2507.800049
2024-08-14,2479.699951
2024-08-15,2492.399902
2024-08-16,2537.800049
2024-08-19,2541.300049
2024-08-20,2550.600098
2024-08-21,2547.5
2024-08-22,2516.699951
2024-08-23,2546.300049
2024-08-26,2555.199951
2024-08-27,2552.899902
2024-08-28,2537.800049
2024-08-29,2560.300049
2024-08-30,2527.600098
2024-09-03,2523
2024-09-04,2526
2024-09-05,2543.100098
2024-09-06,2524.600098
2024-09-09,2532.699951
2024-09-10,2543.100098
2024-09-11,2542.399902
2024-09-12,2580.600098
2024-09-13,2610.699951
2024-09-16,2608.899902
2024-09-17,2592.399902
2024-09-18,2598.600098
2024-09-19,2614.600098
2024-09-20,2646.199951
2024-09-23,2652.5
2024-09-24,2677
2024-09-25,2684.699951
2024-09-26,2694.899902
2024-09-27,2668.100098
2024-09-30,2659.399902
2024-10-01,2690.300049
2024-10-02,2669.699951
2024-10-03,2679.199951
2024-10-04,2667.800049
2024-10-07,2666
2024-10-08,2635.399902
2024-10-09,2626
2024-10-10,2639.300049
2024-10-11,2676.300049
2024-10-14,2665.600098
2024-10-15,2678.899902
2024-10-16,2691.300049
2024-10-17,2707.5
2024-10-18,2730
2024-10-21,2738.899902
2024-10-22,2759.800049
2024-10-23,2729.399902
2024-10-24,2748.899902
2024-10-25,2754.600098
2024-10-28,2755.899902
2024-10-29,2781.100098
2024-10-30,2800.800049
2024-10-31,2749.300049
2024-11-01,2749.199951
2024-11-04,2746.199951
2024-11-05,2749.699951
2024-11-06,2676.300049
2024-11-07,2705.800049
2024-11-08,2694.800049
2024-11-11,2617.699951
2024-11-12,2606.300049
2024-11-13,2586.5
2024-11-14,2572.899902
2024-11-15,2570.100098
2024-11-18,2614.600098
2024-11-19,2631
2024-11-20,2651.699951
2024-11-21,2674.899902
2024-11-22,2712.199951
2024-11-25,2618.5
2024-11-26,2621.300049
2024-11-27,2639.899902
2024-11-29,2657
2024-12-02,2658.5
2024-12-03,2667.899902
2024-12-04,2676.199951
2024-12-05,2648.399902
2024-12-06,2659.600098
2024-12-09,2685.800049
2024-12-10,2718.399902
2024-12-11,2756.699951
2024-12-12,2709.399902
2024-12-13,2675.800049
2024-12-16,2670
2024-12-17,2662
2024-12-18,2653.300049
2024-12-19,2608.100098
2024-12-20,2645.100098
2024-12-23,2628.199951
2024-12-24,2635.5
2024-12-26,2653.899902
2024-12-27,2631.899902
2024-12-30,2618.100098
2024-12-31,2641
2025-01-02,2669
2025-01-03,2654.699951
2025-01-06,2647.399902
2025-01-07,2665.399902
2025-01-08,2672.399902
2025-01-09,2690.800049
2025-01-10,2715
2025-01-13,2678.600098
2025-01-14,2682.300049
2025-01-15,2717.800049
2025-01-16,2750.899902
2025-01-17,2748.699951
2025-01-21,2759.199951
2025-01-22,2770.899902
2025-01-23,2765
2025-01-24,2778.899902
2025-01-27,2738.399902
2025-01-28,2767.5
2025-01-29,2769.800049
2025-01-30,2823
2025-01-31,2812.5
2025-02-03,2857.100098
2025-02-04,2875.800049
2025-02-05,2893
2025-02-06,2876.699951
2025-02-07,2887.600098
2025-02-10,2934.399902
2025-02-11,2932.600098
2025-02-12,2928.699951
2025-02-13,2945.399902
2025-02-14,2900.699951
2025-02-18,2949
2025-02-19,2936.100098
2025-02-20,2956.100098
2025-02-21,2953.199951
2025-02-24,2963.199951
2025-02-25,2918.800049
2025-02-26,2930.600098
2025-02-27,2895.899902
2025-02-28,2848.5
2025-03-03,2901.100098
2025-03-04,2920.600098
2025-03-05,2926
2025-03-06,2926.600098
2025-03-07,2914.100098
2025-03-10,2899.399902
2025-03-11,2920.899902
2025-03-12,2946.800049
2025-03-13,2991.300049
2025-03-14,3001.100098
2025-03-17,3006.100098
2025-03-18,3040.800049
2025-03-19,3041.199951
2025-03-20,3043.800049
2025-03-21,3021.399902
2025-03-24,3015.600098
2025-03-25,3025.899902
2025-03-26,3022.5
2025-03-27,3061
2025-03-28,3086.5
2025-03-31,3122.800049
2025-04-01,3146
2025-04-02,3166.199951
2025-04-03,3121.699951
2025-04-04,3035.399902
2025-04-07,2973.600098
2025-04-08,2990.199951
2025-04-09,3079.399902
2025-04-10,3177.5
2025-04-11,3244.600098
2025-04-14,3226.300049
2025-04-15,3240.399902
2025-04-16,3346.399902
2025-04-17,3328.399902
2025-04-21,3425.300049
2025-04-22,3419.399902
2025-04-23,3294.100098
2025-04-24,3348.600098
2025-04-25,3298.399902
2025-04-28,3347.699951
2025-04-29,3333.600098
2025-04-30,3319.100098
2025-05-01,3222.199951
2025-05-02,3243.300049
2025-05-05,3322.300049
2025-05-06,3422.800049
2025-05-07,3391.899902
2025-05-08,3306
2025-05-09,3344
2025-05-12,3228
2025-05-13,3247.800049
2025-05-14,3188.300049
2025-05-15,3226.600098
2025-05-16,3187.199951
2025-05-19,3233.5
2025-05-20,3284.600098
2025-05-21,3313.5
2025-05-22,3295
2025-05-23,3365.800049
2025-05-27,3300.399902
2025-05-28,3294.899902
2025-05-29,3317.100098
2025-05-30,3288.899902
2025-06-02,3397.199951
2025-06-03,3377.100098
2025-06-04,3399.199951
2025-06-05,3375.100098
2025-06-06,3346.600098
2025-06-09,3354.899902
2025-06-10,3343.399902
2025-06-11,3343.699951
2025-06-12,3402.399902
2025-06-13,3452.800049
2025-06-16,3417.300049
2025-06-17,3406.899902
2025-06-18,3408.100098
2025-06-20,3385.699951
2025-06-23,3395
2025-06-24,3333.899902
2025-06-25,3343.100098
2025-06-26,3348
2025-06-27,3287.600098
2025-06-30,3307.699951
2025-07-01,3349.800049
2025-07-02,3359.699951
2025-07-03,3342.899902
2025-07-04,3346.5
2025-07-07,3342.800049
2025-07-08,3316.899902
2025-07-09,3321
2025-07-10,3325.699951
2025-07-11,3364
2025-07-14,3359.100098
2025-07-15,3336.699951
2025-07-16,3359.100098
2025-07-17,3345.300049
2025-07-18,3358.300049
2025-07-21,3406.399902
2025-07-22,3443.699951
2025-07-23,3397.600098
2025-07-24,3373.5
2025-07-25,3335.600098
2025-07-28,3310
2025-07-29,3324
2025-07-30,3295.800049
2025-07-31,3293.199951
2025-08-01,3399.800049
2025-08-04,3426.399902
2025-08-05,3434.699951
2025-08-06,3433.399902
2025-08-07,3453.699951
2025-08-08,3491.300049
2025-08-11,3404.699951
2025-08-12,3399
2025-08-13,3408.300049
2025-08-14,3383.199951
2025-08-15,3382.600098
2025-08-18,3378
2025-08-19,3358.699951
2025-08-20,3388.5
2025-08-21,3381.600098
2025-08-22,3418.5
2025-08-25,3417.5
2025-08-26,3433
2025-08-27,3448.600098
2025-08-28,3474.300049
2025-08-29,3516.100098
2025-09-02,3592.199951
2025-09-03,3635.5
2025-09-04,3606.699951
2025-09-05,3653.300049
2025-09-08,3677.399902
2025-09-09,3682.199951
2025-09-10,3682
2025-09-11,3673.600098
2025-09-12,3686.399902
2025-09-15,3719
2025-09-16,3725.100098
2025-09-17,3717.800049
2025-09-18,3678.300049
2025-09-19,3705.800049
2025-09-22,3775.100098
2025-09-23,3815.699951
2025-09-24,3768.100098
2025-09-25,3771.100098
2025-09-26,3809
2025-09-29,3855.199951
2025-09-30,3873.199951
2025-10-01,3897.5
2025-10-02,3868.100098
2025-10-03,3908.899902
2025-10-06,3976.300049
2025-10-07,4004.399902
2025-10-08,4070.5
2025-10-09,3972.600098
2025-10-10,4000.399902
2025-10-13,4133
2025-10-14,4163.399902
2025-10-15,4201.600098
2025-10-16,4304.600098
2025-10-17,4213.299805
2025-10-20,4359.399902
2025-10-21,4109.100098
2025-10-22,4065.399902
2025-10-23,4145.600098
2025-10-24,4137.799805
2025-10-27,4019.699951
2025-10-28,3983.100098
2025-10-29,4000.699951
2025-10-30,4015.899902
2025-10-31,3996.5
2025-11-03,4014
2025-11-04,3960.5
2025-11-05,3992.899902
2025-11-06,3991
2025-11-07,4009.800049
2025-11-10,4122
2025-11-11,4116.299805
2025-11-12,4213.600098
2025-11-13,4194.5
2025-11-14,4094.199951
2025-11-17,4074.5
2025-11-18,4066.5
2025-11-19,4082.800049
2025-11-20,4060
2025-11-21,4079.5
2025-11-24,4094.199951
2025-11-25,4140
2025-11-26,4165.200195
2025-11-28,4254.899902
2025-12-01,4274.799805
2025-12-02,4220.799805
2025-12-03,4232.5
2025-12-04,4243
2025-12-05,4243
2025-12-08,4217.700195
2025-12-09,4236.200195
2025-12-10,4224.700195
2025-12-11,4313
2025-12-12,4328.299805
2025-12-15,4335.200195
2025-12-16,4332.299805
2025-12-17,4373.899902
2025-12-18,4364.5
2025-12-19,4387.299805
2025-12-22,4469.399902
2025-12-23,4505.700195
2025-12-24,4502.799805
2025-12-26,4552.700195
2025-12-29,4343.600098
2025-12-30,4386.299805
2025-12-31,4341.100098
2026-01-02,4329.600098
2026-01-05,4451.5
2026-01-06,4496.100098
2026-01-07,4462.5
2026-01-08,4460.700195
2026-01-09,4500.899902
2026-01-12,4614.700195
2026-01-13,4599.100098
2026-01-14,4635.700195
2026-01-15,4623.700195
2026-01-16,4595.399902
2026-01-20,4765.799805
2026-01-21,4837.5
2026-01-22,4913.399902
2026-01-23,4979.700195
2026-01-26,5082.5
2026-01-27,5082.600098
2026-01-28,5303.600098
2026-01-29,5318.399902
2026-01-30,4745.100098
2026-02-02,4652.600098
2026-02-03,4935
2026-02-04,4950.799805
2026-02-05,4889.5
2026-02-06,4979.799805
2026-02-09,5079.399902
2026-02-10,5031
2026-02-11,5098.5
2026-02-12,4948.399902
2026-02-13,5046.299805
2026-02-17,4905.899902
2026-02-18,5009.5
2026-02-19,4997.399902
2026-02-20,5080.899902
2026-02-23,5225.600098
2026-02-24,5176.299805
2026-02-25,5226.200195
2026-02-26,5194.200195
2026-02-27,5247.899902
2026-03-02,5311.600098
2026-03-03,5123.700195
2026-03-04,5134.700195
2026-03-05,5078.700195
2026-03-06,5158.700195
2026-03-09,5103.700195
2026-03-10,5242.100098
2026-03-11,5179.100098
2026-03-12,5125.799805
2026-03-13,5061.700195
2026-03-16,5002.200195
2026-03-17,5008.200195
2026-03-18,4896.200195
2026-03-19,4605.700195
2026-03-20,4574.899902
2026-03-23,4407.299805
2026-03-24,4402
2026-03-25,4552.299805
2026-03-26,4376.299805
2026-03-27,4492.5
2026-03-30,4526
2026-03-31,4647.600098
2026-04-01,4813.100098
2026-04-02,4679.700195
2026-04-06,4684.700195
2026-04-07,4684.700195
2026-04-08,4777.200195
2026-04-09,4818
2026-04-10,4787.399902
2026-04-13,4767.399902
2026-04-14,4850.100098
2026-04-15,4823.600098
2026-04-16,4808.299805
2026-04-17,4879.600098
2026-04-20,4828.799805
2026-04-21,4719.600098
2026-04-22,4753
2026-04-23,4724
2026-04-24,4740.899902
2026-04-27,4693.700195
2026-04-28,4608.399902
2026-04-29,4561.5
2026-04-30,4629.600098
2026-05-01,4644.5
2026-05-04,4533.299805
2026-05-05,4568.5
2026-05-06,4694.299805
2026-05-07,4710.899902
2026-05-08,4730.700195
2026-05-11,4728.700195
2026-05-12,4686.700195
2026-05-13,4706.700195
2026-05-14,4685.299805
2026-05-15,4561.899902
2026-05-18,4558
2026-05-19,4511.200195
2026-05-20,4535.299805
2026-05-21,4542.5
2026-05-22,4523.200195
2026-05-26,4502.299805
2026-05-27,4448.399902
2026-05-28,4499.299805
2026-05-29,4593
2026-06-01,4506.299805
2026-06-02,4519.899902
2026-06-03,4466.899902
2026-06-04,4505
2026-06-05,4365.299805
2026-06-08,4363.399902
2026-06-09,4286.399902
2026-06-10,4133.299805
2026-06-11,4114
2026-06-12,4238.799805
2026-06-15,4351.600098
2026-06-16,4354.399902
2026-06-17,4381.399902
2026-06-18,4245.899902
2026-06-22,4202.700195
2026-06-23,4149.399902
2026-06-24,4008.800049
2026-06-25,4047.600098
2026-06-26,4096.299805
2026-06-29,4038.899902
2026-06-30,4038.5
2026-07-01,4082.399902
2026-07-02,4125.700195
2026-07-06,4167.5
2026-07-07,4157.399902
2026-07-08,4082.399902
2026-07-09,4140.799805
2026-07-10,4113.700195
2026-07-13,4005.699951
2026-07-14,4069.699951
2026-07-15,4051.800049
2026-07-16,3992.100098
2026-07-17,4018.800049
2026-07-20,4015.899902
2026-07-21,4076.399902
2026-07-22,4151.899902
2026-07-23,4050.199951
2026-07-24,4070.800049
2026-07-27,4077
2026-07-28,4038.699951
2026-07-29,4036.300049
2026-07-30,4100.100098
2026-07-31,4107
2026-08-03,4090.5
2026-08-04,4152.600098
2026-08-05,4305.200195
2026-08-06,4299.600098
2026-08-07,4399.700195
2026-08-10,4419.700195
2026-08-11,4441.100098
2026-08-12,4467.5
2026-08-13,4420.399902
2026-08-14,4437.299805
2026-08-17,4473.700195
2026-08-18,4420.600098
2026-08-19,4545.299805
2026-08-20,4571.399902
2026-08-21,4680.600098
2026-08-24,4697.799805
2026-08-25,4694.5
2026-08-26,4653.299805
2026-08-27,4664
2026-08-28,4529.899902
2026-08-31,4481.5
2026-09-01,4396.399902
2026-09-02,4414.600098
2026-09-03,4539.899902
2026-09-04,4476.600098
2026-09-08,4439
2026-09-09,4460.700195
2026-09-10,4407.299805
2026-09-11,4408.899902
2026-09-14,4351.899902
2026-09-15,4332.799805
2026-09-16,4387.5
2026-09-17,4399.700195
2026-09-18,4424.899902
2026-09-21,4383.899902
2026-09-22,4376.399902
2026-09-23,4318.399902
2026-09-24,4298
2026-09-25,4321.200195
2026-09-28,4168.399902
2026-09-29,4179.700195
2026-09-30,4186.700195
2026-10-01,4202.299805
2026-10-02,4162.299805
2026-10-05,4156.799805
2026-10-06,4187.100098
2026-10-07,4140.700195
2026-10-08,4157
