date,value
2000-08-23,32.049999
2000-08-24,31.629999
2000-08-25,32.049999
2000-08-28,32.869999
2000-08-29,32.720001
2000-08-30,33.400002
2000-08-31,33.099998
2000-09-01,33.380001
2000-09-05,33.799999
2000-09-06,34.950001
2000-09-07,35.330002
2000-09-08,33.700001
2000-09-11,35.099998
2000-09-12,34.200001
2000-09-13,33.799999
2000-09-14,34.099998
2000-09-15,35.849998
2000-09-18,36.880001
2000-09-19,36.5
2000-09-20,37.5
2000-09-21,33.950001
2000-09-22,32.650002
2000-09-25,31.57
2000-09-26,31.5
2000-09-27,31.5
2000-09-28,30.299999
2000-09-29,30.860001
2000-10-02,32.150002
2000-10-03,32.07
2000-10-04,31.5
2000-10-05,30.65
2000-10-06,30.85
2000-10-09,31.879999
2000-10-10,33.150002
2000-10-11,33.150002
2000-10-12,36.099998
2000-10-13,35.049999
2000-10-16,33.099998
2000-10-17,32.950001
2000-10-18,33.549999
2000-10-19,32.950001
2000-10-20,34.299999
2000-10-23,33.73
2000-10-24,33.369999
2000-10-25,32.959999
2000-10-26,33.75
2000-10-27,32.700001
2000-10-30,32.810001
2000-10-31,32.689999
2000-11-01,33.200001
2000-11-02,32.540001
2000-11-03,32.599998
2000-11-06,32.860001
2000-11-07,33.400002
2000-11-08,33.290001
2000-11-09,33.950001
2000-11-10,34.09
2000-11-13,34.43
2000-11-14,34.849998
2000-11-15,35.599998
2000-11-16,35.049999
2000-11-17,35.599998
2000-11-20,35.220001
2000-11-21,35.150002
2000-11-22,35.400002
2000-11-27,35.380001
2000-11-28,34.25
2000-11-29,34.630001
2000-11-30,33.799999
2000-12-01,32.049999
2000-12-04,31.299999
2000-12-05,29.549999
2000-12-06,29.85
2000-12-07,29.360001
2000-12-08,28.5
2000-12-11,29.450001
2000-12-12,29.690001
2000-12-13,28.5
2000-12-14,27.9
2000-12-15,28.85
2000-12-18,29.65
2000-12-19,28.799999
2000-12-20,25.67
2000-12-21,26.049999
2000-12-22,26.18
2000-12-26,26.65
2000-12-27,26.450001
2000-12-28,25.85
2000-12-29,26.799999
2001-01-02,27.200001
2001-01-03,27.950001
2001-01-04,28.200001
2001-01-05,28
2001-01-08,27.35
2001-01-09,27.719999
2001-01-10,29.5
2001-01-11,29.5
2001-01-12,30.049999
2001-01-16,30.35
2001-01-17,29.65
2001-01-18,30.450001
2001-01-19,32.099998
2001-01-22,32
2001-01-23,29.57
2001-01-24,29.049999
2001-01-25,29.360001
2001-01-26,29.780001
2001-01-29,29.059999
2001-01-30,29.059999
2001-01-31,28.700001
2001-02-01,29.799999
2001-02-02,31.25
2001-02-05,30.5
2001-02-06,30.35
2001-02-07,31.200001
2001-02-08,31.559999
2001-02-09,31.049999
2001-02-12,30.549999
2001-02-13,30.34
2001-02-14,29.75
2001-02-15,28.799999
2001-02-16,29.16
2001-02-20,28.58
2001-02-21,28.549999
2001-02-22,28.82
2001-02-23,29
2001-02-26,28.440001
2001-02-27,28.120001
2001-02-28,27.42
2001-03-01,27.65
2001-03-02,27.84
2001-03-05,28.6
2001-03-06,28.299999
2001-03-07,28.950001
2001-03-08,28.49
2001-03-09,27.799999
2001-03-12,28
2001-03-13,27.450001
2001-03-14,26.450001
2001-03-15,26.65
2001-03-16,26.700001
2001-03-19,26.18
2001-03-20,25.9
2001-03-21,26.799999
2001-03-22,26.52
2001-03-23,27.299999
2001-03-26,27.459999
2001-03-27,27.75
2001-03-28,26.25
2001-03-29,26.35
2001-03-30,26.4
2001-04-02,25.59
2001-04-03,26.190001
2001-04-04,27.120001
2001-04-05,27.26
2001-04-06,27.059999
2001-04-09,27.34
2001-04-10,28.48
2001-04-11,28.18
2001-04-12,28.25
2001-04-16,28.790001
2001-04-17,28.24
2001-04-18,27.950001
2001-04-19,27.83
2001-04-20,27.280001
2001-04-23,27.610001
2001-04-24,26.860001
2001-04-25,27.290001
2001-04-26,28.440001
2001-04-27,28.27
2001-04-30,28.459999
2001-05-01,28.940001
2001-05-02,27.799999
2001-05-03,28.450001
2001-05-04,28.360001
2001-05-07,27.77
2001-05-08,27.389999
2001-05-09,28.23
2001-05-10,28.52
2001-05-11,28.549999
2001-05-14,28.709999
2001-05-15,28.98
2001-05-16,28.860001
2001-05-17,28.91
2001-05-18,29.91
2001-05-21,29.98
2001-05-22,29.74
2001-05-23,29.58
2001-05-24,28.41
2001-05-25,28.379999
2001-05-29,28.66
2001-05-30,28.549999
2001-05-31,28.370001
2001-06-01,27.93
2001-06-04,28.129999
2001-06-05,28.24
2001-06-06,27.719999
2001-06-07,27.75
2001-06-08,28.4
2001-06-11,29.040001
2001-06-12,29.18
2001-06-13,28.84
2001-06-14,29.040001
2001-06-15,28.51
2001-06-18,27.549999
2001-06-19,27.48
2001-06-20,26.5
2001-06-21,26.559999
2001-06-22,26.83
2001-06-25,27.25
2001-06-26,26.98
2001-06-27,25.610001
2001-06-28,25.559999
2001-06-29,26.25
2001-07-02,25.950001
2001-07-03,26.24
2001-07-05,27.02
2001-07-06,28.209999
2001-07-09,27.59
2001-07-10,27.49
2001-07-11,27.110001
2001-07-12,26.799999
2001-07-13,26.59
2001-07-16,26.059999
2001-07-17,25.57
2001-07-18,24.889999
2001-07-19,24.700001
2001-07-20,25.59
2001-07-23,26.120001
2001-07-24,26.309999
2001-07-25,26.84
2001-07-26,26.73
2001-07-27,27.02
2001-07-30,26.629999
2001-07-31,26.35
2001-08-01,26.77
2001-08-02,27.709999
2001-08-03,27.620001
2001-08-06,27.74
2001-08-07,27.940001
2001-08-08,27.540001
2001-08-09,27.639999
2001-08-10,28.049999
2001-08-13,27.82
2001-08-14,28.01
2001-08-15,27.559999
2001-08-16,27.450001
2001-08-17,26.629999
2001-08-20,27.18
2001-08-21,27.85
2001-08-22,26.370001
2001-08-23,26.629999
2001-08-24,26.9
2001-08-27,26.67
2001-08-28,27.17
2001-08-29,27.049999
2001-08-30,26.549999
2001-08-31,27.200001
2001-09-04,26.93
2001-09-05,26.950001
2001-09-06,27.58
2001-09-07,28.030001
2001-09-10,27.629999
2001-09-14,29.530001
2001-09-17,28.809999
2001-09-18,27.700001
2001-09-19,26.719999
2001-09-20,26.59
2001-09-21,25.969999
2001-09-24,22.01
2001-09-25,21.809999
2001-09-26,22.379999
2001-09-27,22.74
2001-09-28,23.43
2001-10-01,23.280001
2001-10-02,22.790001
2001-10-03,22.08
2001-10-04,22.629999
2001-10-05,22.389999
2001-10-08,22.450001
2001-10-09,22.48
2001-10-10,22.530001
2001-10-11,23.34
2001-10-12,22.5
2001-10-15,22.290001
2001-10-16,22
2001-10-17,21.809999
2001-10-18,21.309999
2001-10-19,21.83
2001-10-22,21.76
2001-10-23,21.85
2001-10-24,22.33
2001-10-25,22.01
2001-10-26,22.049999
2001-10-29,22.15
2001-10-30,21.870001
2001-10-31,21.18
2001-11-01,20.389999
2001-11-02,20.18
2001-11-05,20.02
2001-11-06,19.92
2001-11-07,20.09
2001-11-08,21.17
2001-11-09,22.219999
2001-11-12,21.23
2001-11-13,21.67
2001-11-14,19.74
2001-11-15,17.450001
2001-11-16,18.030001
2001-11-19,17.719999
2001-11-20,19.15
2001-11-21,18.959999
2001-11-26,18.690001
2001-11-27,19.48
2001-11-28,19.219999
2001-11-29,18.620001
2001-11-30,19.440001
2001-12-03,20.09
2001-12-04,19.65
2001-12-05,19.49
2001-12-06,18.540001
2001-12-07,19.040001
2001-12-10,18.370001
2001-12-11,18.08
2001-12-12,18.360001
2001-12-13,18.120001
2001-12-14,19.290001
2001-12-17,19.219999
2001-12-18,19.360001
2001-12-19,19.799999
2001-12-20,19.280001
2001-12-21,19.620001
2001-12-26,21.27
2001-12-27,20.9
2001-12-28,20.41
2001-12-31,19.84
2002-01-02,21.01
2002-01-03,20.370001
2002-01-04,21.620001
2002-01-07,21.48
2002-01-08,21.25
2002-01-09,20.18
2002-01-10,20.379999
2002-01-11,19.68
2002-01-14,18.889999
2002-01-15,18.9
2002-01-16,18.860001
2002-01-17,18.040001
2002-01-18,18
2002-01-22,18.6
2002-01-23,19.48
2002-01-24,19.719999
2002-01-25,20
2002-01-28,20.049999
2002-01-29,19.57
2002-01-30,19.15
2002-01-31,19.48
2002-02-01,20.4
2002-02-04,20.059999
2002-02-05,20.049999
2002-02-06,19.75
2002-02-07,19.68
2002-02-08,20.25
2002-02-11,21.32
2002-02-12,20.75
2002-02-13,21.15
2002-02-14,21.219999
2002-02-15,21.5
2002-02-19,20.870001
2002-02-20,20.23
2002-02-21,21.049999
2002-02-22,21.08
2002-02-25,20.42
2002-02-26,21.360001
2002-02-27,21.290001
2002-02-28,21.85
2002-03-01,22.360001
2002-03-04,22.5
2002-03-05,23.17
2002-03-06,23.219999
2002-03-07,23.780001
2002-03-08,23.85
2002-03-11,24.299999
2002-03-12,24.15
2002-03-13,24.15
2002-03-14,24.549999
2002-03-15,24.48
2002-03-18,25.049999
2002-03-19,25.049999
2002-03-20,24.700001
2002-03-21,25.6
2002-03-22,25.26
2002-03-25,25.02
2002-03-26,25.43
2002-03-27,25.870001
2002-03-28,26.23
2002-04-01,26.860001
2002-04-02,27.700001
2002-04-03,27.559999
2002-04-04,26.68
2002-04-05,26.219999
2002-04-08,26.549999
2002-04-09,25.799999
2002-04-10,26.120001
2002-04-11,25.02
2002-04-12,23.450001
2002-04-15,24.549999
2002-04-16,24.85
2002-04-17,25.92
2002-04-18,26.09
2002-04-19,26.4
2002-04-22,26.299999
2002-04-23,26.59
2002-04-24,26.43
2002-04-25,26.67
2002-04-26,27.15
2002-04-29,27.52
2002-04-30,27.290001
2002-05-01,26.74
2002-05-02,26.35
2002-05-03,26.719999
2002-05-06,26.08
2002-05-07,26.620001
2002-05-08,27.73
2002-05-09,27.700001
2002-05-10,27.879999
2002-05-13,28.450001
2002-05-14,29.299999
2002-05-15,28.200001
2002-05-16,27.969999
2002-05-17,28.200001
2002-05-20,28.200001
2002-05-21,27
2002-05-22,26.450001
2002-05-23,26.15
2002-05-24,25.879999
2002-05-28,25.18
2002-05-29,25.719999
2002-05-30,24.700001
2002-05-31,25.35
2002-06-03,25.110001
2002-06-04,25.299999
2002-06-05,24.889999
2002-06-06,24.93
2002-06-07,24.73
2002-06-10,24.32
2002-06-11,24.18
2002-06-12,24.68
2002-06-13,25.639999
2002-06-14,25.870001
2002-06-17,26.09
2002-06-18,25.35
2002-06-19,25.299999
2002-06-20,25.6
2002-06-21,25.75
2002-06-24,26.469999
2002-06-25,26.32
2002-06-26,26.76
2002-06-27,26.860001
2002-06-28,26.860001
2002-07-01,26.809999
2002-07-02,26.77
2002-07-03,26.799999
2002-07-08,26.07
2002-07-09,26.09
2002-07-10,26.77
2002-07-11,26.83
2002-07-12,27.469999
2002-07-15,27.07
2002-07-16,27.75
2002-07-17,27.879999
2002-07-18,27.57
2002-07-19,27.83
2002-07-22,26.6
2002-07-23,26.309999
2002-07-24,26.870001
2002-07-25,26.77
2002-07-26,26.540001
2002-07-29,26.549999
2002-07-30,27.360001
2002-07-31,27.02
2002-08-01,26.469999
2002-08-02,26.84
2002-08-05,26.58
2002-08-06,27.17
2002-08-07,26.5
2002-08-08,26.67
2002-08-09,26.860001
2002-08-12,27.860001
2002-08-13,27.9
2002-08-14,28.15
2002-08-15,29.059999
2002-08-16,29.33
2002-08-19,29.84
2002-08-20,30.110001
2002-08-21,29.24
2002-08-22,28.84
2002-08-23,28.73
2002-08-26,29.280001
2002-08-27,28.83
2002-08-28,28.34
2002-08-29,28.92
2002-08-30,28.98
2002-09-03,27.790001
2002-09-04,28.27
2002-09-05,28.98
2002-09-06,29.610001
2002-09-09,29.73
2002-09-10,29.73
2002-09-11,29.77
2002-09-12,28.85
2002-09-13,29.809999
2002-09-16,29.67
2002-09-17,29.08
2002-09-18,29.48
2002-09-19,29.5
2002-09-20,29.84
2002-09-23,30.709999
2002-09-24,30.77
2002-09-25,30.639999
2002-09-26,30.41
2002-09-27,30.540001
2002-09-30,30.469999
2002-10-01,30.83
2002-10-02,30.49
2002-10-03,29.76
2002-10-04,29.620001
2002-10-07,29.639999
2002-10-08,29.48
2002-10-09,29.35
2002-10-10,28.969999
2002-10-11,29.370001
2002-10-14,30.030001
2002-10-15,29.719999
2002-10-16,29.469999
2002-10-17,29.620001
2002-10-18,29.6
2002-10-21,28.379999
2002-10-22,27.92
2002-10-23,28.18
2002-10-24,28.200001
2002-10-25,27.049999
2002-10-28,27.290001
2002-10-29,26.860001
2002-10-30,26.809999
2002-10-31,27.219999
2002-11-01,27.129999
2002-11-04,26.950001
2002-11-05,26.139999
2002-11-06,25.77
2002-11-07,25.379999
2002-11-08,25.780001
2002-11-11,25.940001
2002-11-12,25.9
2002-11-13,25.190001
2002-11-14,25.290001
2002-11-15,25.51
2002-11-18,26.709999
2002-11-19,26.42
2002-11-20,26.98
2002-11-21,26.35
2002-11-22,26.76
2002-11-25,26.110001
2002-11-26,26.4
2002-11-27,26.889999
2002-12-02,27.24
2002-12-03,27.299999
2002-12-04,26.73
2002-12-05,27.290001
2002-12-06,26.93
2002-12-09,27.26
2002-12-10,27.75
2002-12-11,27.4
2002-12-12,27.92
2002-12-13,28.440001
2002-12-16,30.1
2002-12-17,30.1
2002-12-18,30.440001
2002-12-19,30.559999
2002-12-20,30.299999
2002-12-23,31.75
2002-12-24,31.969999
2002-12-26,32.490002
2002-12-27,32.720001
2002-12-30,31.370001
2002-12-31,31.200001
2003-01-02,31.85
2003-01-03,33.080002
2003-01-06,32.099998
2003-01-07,31.08
2003-01-08,30.559999
2003-01-09,31.99
2003-01-10,31.68
2003-01-13,32.259998
2003-01-14,32.369999
2003-01-15,33.200001
2003-01-16,33.66
2003-01-17,33.91
2003-01-21,34.610001
2003-01-22,32.849998
2003-01-23,32.25
2003-01-24,33.279999
2003-01-27,32.290001
2003-01-28,32.669998
2003-01-29,33.630001
2003-01-30,33.849998
2003-01-31,33.509998
2003-02-03,32.759998
2003-02-04,33.580002
2003-02-05,33.93
2003-02-06,34.16
2003-02-07,35.119999
2003-02-10,34.48
2003-02-11,35.439999
2003-02-12,35.77
2003-02-13,36.360001
2003-02-14,36.799999
2003-02-18,36.959999
2003-02-19,37.16
2003-02-20,36.790001
2003-02-21,35.580002
2003-02-24,36.48
2003-02-25,36.060001
2003-02-26,37.700001
2003-02-27,37.200001
2003-02-28,36.599998
2003-03-03,35.880001
2003-03-04,36.889999
2003-03-05,36.689999
2003-03-06,37
2003-03-07,37.779999
2003-03-10,37.27
2003-03-11,36.720001
2003-03-12,37.830002
2003-03-13,36.009998
2003-03-14,35.380001
2003-03-17,34.93
2003-03-18,31.67
2003-03-19,29.879999
2003-03-20,28.610001
2003-03-21,26.91
2003-03-24,28.66
2003-03-25,27.969999
2003-03-26,28.629999
2003-03-27,30.370001
2003-03-28,30.16
2003-03-31,31.040001
2003-04-01,29.780001
2003-04-02,28.559999
2003-04-03,28.969999
2003-04-04,28.620001
2003-04-07,27.959999
2003-04-08,28
2003-04-09,28.85
2003-04-10,27.459999
2003-04-11,28.139999
2003-04-14,28.629999
2003-04-15,29.290001
2003-04-16,29.18
2003-04-17,30.549999
2003-04-21,30.870001
2003-04-22,29.91
2003-04-23,26.65
2003-04-24,26.639999
2003-04-25,26.26
2003-04-28,25.49
2003-04-29,25.24
2003-04-30,25.799999
2003-05-01,26.030001
2003-05-02,25.67
2003-05-05,26.49
2003-05-06,25.719999
2003-05-07,26.23
2003-05-08,26.98
2003-05-09,27.719999
2003-05-12,27.35
2003-05-13,28.5
2003-05-14,29.17
2003-05-15,28.74
2003-05-16,29.139999
2003-05-19,28.83
2003-05-20,29.280001
2003-05-21,29.030001
2003-05-22,28.85
2003-05-23,29.16
2003-05-27,29.35
2003-05-28,28.58
2003-05-29,29.1
2003-05-30,29.559999
2003-06-02,30.709999
2003-06-03,30.67
2003-06-04,30.049999
2003-06-05,30.74
2003-06-06,31.280001
2003-06-09,31.450001
2003-06-10,31.73
2003-06-11,32.360001
2003-06-12,31.51
2003-06-13,30.65
2003-06-16,31.18
2003-06-17,31.07
2003-06-18,30.360001
2003-06-19,29.959999
2003-06-20,30.82
2003-06-23,29.17
2003-06-24,28.780001
2003-06-25,29.950001
2003-06-26,29.01
2003-06-27,29.27
2003-06-30,30.190001
2003-07-01,30.4
2003-07-02,30.15
2003-07-03,30.42
2003-07-07,30.129999
2003-07-08,30.219999
2003-07-09,30.879999
2003-07-10,31.059999
2003-07-11,31.280001
2003-07-14,31.27
2003-07-15,31.620001
2003-07-16,31.049999
2003-07-17,31.41
2003-07-18,31.959999
2003-07-21,31.780001
2003-07-22,30.190001
2003-07-23,29.67
2003-07-24,30.219999
2003-07-25,30.17
2003-07-28,30.110001
2003-07-29,30.24
2003-07-30,30.68
2003-07-31,30.540001
2003-08-01,32.310001
2003-08-04,31.84
2003-08-05,32.220001
2003-08-06,31.700001
2003-08-07,32.389999
2003-08-08,32.18
2003-08-11,32.009998
2003-08-12,31.92
2003-08-13,30.780001
2003-08-14,31.09
2003-08-15,31.049999
2003-08-18,30.889999
2003-08-19,30.700001
2003-08-20,30.950001
2003-08-21,31.879999
2003-08-22,31.84
2003-08-25,31.559999
2003-08-26,31.950001
2003-08-27,31.209999
2003-08-28,31.5
2003-08-29,31.57
2003-09-02,29.41
2003-09-03,29.49
2003-09-04,28.98
2003-09-05,28.879999
2003-09-08,28.85
2003-09-09,29.18
2003-09-10,29.35
2003-09-11,28.82
2003-09-12,28.27
2003-09-15,28.139999
2003-09-16,27.559999
2003-09-17,27.030001
2003-09-18,27.17
2003-09-19,27.030001
2003-09-22,26.959999
2003-09-23,27.129999
2003-09-24,28.24
2003-09-25,28.290001
2003-09-26,28.16
2003-09-29,28.4
2003-09-30,29.200001
2003-10-01,29.389999
2003-10-02,29.84
2003-10-03,30.4
2003-10-06,30.469999
2003-10-07,30.41
2003-10-08,29.809999
2003-10-09,31.01
2003-10-10,31.969999
2003-10-13,31.950001
2003-10-14,31.82
2003-10-15,31.77
2003-10-16,31.540001
2003-10-17,30.68
2003-10-20,30.35
2003-10-21,30.18
2003-10-22,29.92
2003-10-23,30.299999
2003-10-24,30.16
2003-10-27,29.92
2003-10-28,29.559999
2003-10-29,28.91
2003-10-30,28.469999
2003-10-31,29.110001
2003-11-03,28.9
2003-11-04,28.75
2003-11-05,30.299999
2003-11-06,30.26
2003-11-07,30.85
2003-11-10,30.879999
2003-11-11,31.15
2003-11-12,31.33
2003-11-13,31.9
2003-11-14,32.369999
2003-11-17,31.73
2003-11-18,33.279999
2003-11-19,32.919998
2003-11-20,32.860001
2003-11-21,31.610001
2003-11-24,29.74
2003-11-25,29.77
2003-11-26,30.41
2003-12-01,29.950001
2003-12-02,30.780001
2003-12-03,31.1
2003-12-04,31.26
2003-12-05,30.73
2003-12-08,32.099998
2003-12-09,31.76
2003-12-10,31.879999
2003-12-11,31.85
2003-12-12,33.040001
2003-12-15,33.18
2003-12-16,32.889999
2003-12-17,33.349998
2003-12-18,33.709999
2003-12-19,33.02
2003-12-22,31.870001
2003-12-23,31.950001
2003-12-24,32.860001
2003-12-29,32.400002
2003-12-30,32.790001
2003-12-31,32.52
2004-01-05,33.779999
2004-01-06,33.700001
2004-01-07,33.619999
2004-01-08,33.98
2004-01-09,34.310001
2004-01-12,34.720001
2004-01-13,34.43
2004-01-14,34.5
2004-01-15,33.439999
2004-01-16,35.07
2004-01-20,36.200001
2004-01-21,34.580002
2004-01-22,34.93
2004-01-23,34.939999
2004-01-26,34.470001
2004-01-27,34.119999
2004-01-28,33.619999
2004-01-29,32.810001
2004-01-30,33.049999
2004-02-02,34.98
2004-02-03,34.099998
2004-02-04,33.099998
2004-02-05,33.080002
2004-02-06,32.48
2004-02-09,32.830002
2004-02-10,33.869999
2004-02-11,34
2004-02-12,33.98
2004-02-13,34.560001
2004-02-17,35.16
2004-02-18,35.450001
2004-02-19,36
2004-02-20,35.599998
2004-02-23,34.349998
2004-02-24,34.580002
2004-02-25,35.68
2004-02-26,35.509998
2004-02-27,36.16
2004-03-01,36.860001
2004-03-02,36.66
2004-03-03,35.799999
2004-03-04,36.639999
2004-03-05,37.259998
2004-03-08,36.57
2004-03-09,36.279999
2004-03-10,36.099998
2004-03-11,36.779999
2004-03-12,36.189999
2004-03-15,37.439999
2004-03-16,37.48
2004-03-17,38.18
2004-03-18,37.93
2004-03-19,38.080002
2004-03-22,37.110001
2004-03-23,37.450001
2004-03-24,37.009998
2004-03-25,35.509998
2004-03-26,35.73
2004-03-29,35.450001
2004-03-30,36.25
2004-03-31,35.759998
2004-04-01,34.27
2004-04-02,34.389999
2004-04-05,34.380001
2004-04-06,34.970001
2004-04-07,36.150002
2004-04-08,37.139999
2004-04-12,37.84
2004-04-13,37.209999
2004-04-14,36.720001
2004-04-15,37.57
2004-04-16,37.740002
2004-04-19,37.419998
2004-04-20,37.599998
2004-04-21,35.73
2004-04-22,36.709999
2004-04-23,36.459999
2004-04-26,36.970001
2004-04-27,37.529999
2004-04-28,37.459999
2004-04-29,37.310001
2004-04-30,37.380001
2004-05-03,38.209999
2004-05-04,38.98
2004-05-05,39.57
2004-05-06,39.369999
2004-05-07,39.93
2004-05-10,38.93
2004-05-11,40.060001
2004-05-12,40.77
2004-05-13,41.080002
2004-05-14,41.380001
2004-05-17,41.549999
2004-05-18,40.540001
2004-05-19,41.5
2004-05-20,40.919998
2004-05-21,39.93
2004-05-24,41.720001
2004-05-25,41.139999
2004-05-26,40.700001
2004-05-27,39.439999
2004-05-28,39.880001
2004-06-01,42.330002
2004-06-02,39.959999
2004-06-03,39.279999
2004-06-04,38.490002
2004-06-07,38.66
2004-06-08,37.279999
2004-06-09,37.540001
2004-06-10,38.450001
2004-06-14,37.59
2004-06-15,37.189999
2004-06-16,37.32
2004-06-17,38.459999
2004-06-18,38.75
2004-06-21,37.630001
2004-06-22,38.110001
2004-06-23,37.57
2004-06-24,37.93
2004-06-25,37.549999
2004-06-28,36.240002
2004-06-29,35.66
2004-06-30,37.049999
2004-07-01,38.740002
2004-07-02,38.389999
2004-07-06,39.650002
2004-07-07,39.080002
2004-07-08,40.330002
2004-07-09,39.959999
2004-07-12,39.5
2004-07-13,39.439999
2004-07-14,40.970001
2004-07-15,40.77
2004-07-16,41.25
2004-07-19,41.639999
2004-07-20,40.860001
2004-07-21,40.580002
2004-07-22,41.360001
2004-07-23,41.709999
2004-07-26,41.439999
2004-07-27,41.84
2004-07-28,42.900002
2004-07-29,42.75
2004-07-30,43.799999
2004-08-02,43.82
2004-08-03,44.150002
2004-08-04,42.830002
2004-08-05,44.41
2004-08-06,43.950001
2004-08-09,44.84
2004-08-10,44.52
2004-08-11,44.799999
2004-08-12,45.5
2004-08-13,46.580002
2004-08-16,46.049999
2004-08-17,46.75
2004-08-18,47.27
2004-08-19,48.700001
2004-08-20,47.860001
2004-08-23,46.049999
2004-08-24,45.209999
2004-08-25,43.470001
2004-08-26,43.099998
2004-08-27,43.18
2004-08-30,42.279999
2004-08-31,42.119999
2004-09-01,44
2004-09-02,44.060001
2004-09-03,43.990002
2004-09-07,43.310001
2004-09-08,42.77
2004-09-09,44.610001
2004-09-10,42.810001
2004-09-13,43.869999
2004-09-14,44.389999
2004-09-15,43.580002
2004-09-16,43.880001
2004-09-17,45.59
2004-09-20,46.349998
2004-09-21,47.099998
2004-09-22,48.349998
2004-09-23,48.459999
2004-09-24,48.880001
2004-09-27,49.639999
2004-09-28,49.900002
2004-09-29,49.509998
2004-09-30,49.639999
2004-10-01,50.119999
2004-10-04,49.91
2004-10-05,51.09
2004-10-06,52.02
2004-10-07,52.669998
2004-10-08,53.310001
2004-10-11,53.639999
2004-10-12,52.509998
2004-10-13,53.639999
2004-10-14,54.759998
2004-10-15,54.93
2004-10-18,53.669998
2004-10-19,53.290001
2004-10-20,54.919998
2004-10-21,54.470001
2004-10-22,55.169998
2004-10-25,54.540001
2004-10-26,55.169998
2004-10-27,52.459999
2004-10-28,50.919998
2004-10-29,51.759998
2004-11-01,50.130001
2004-11-02,49.619999
2004-11-03,50.880001
2004-11-04,48.82
2004-11-05,49.610001
2004-11-08,49.09
2004-11-09,47.369999
2004-11-10,48.860001
2004-11-11,47.419998
2004-11-12,47.32
2004-11-15,46.869999
2004-11-16,46.110001
2004-11-17,46.84
2004-11-18,46.220001
2004-11-19,48.439999
2004-11-22,48.639999
2004-11-23,48.939999
2004-11-24,49.439999
2004-11-29,49.759998
2004-11-30,49.130001
2004-12-01,45.490002
2004-12-02,43.25
2004-12-03,42.540001
2004-12-06,42.98
2004-12-07,41.459999
2004-12-08,41.939999
2004-12-09,42.529999
2004-12-10,40.709999
2004-12-13,41.009998
2004-12-14,41.82
2004-12-15,44.189999
2004-12-16,44.18
2004-12-17,46.279999
2004-12-20,45.639999
2004-12-21,45.759998
2004-12-22,44.240002
2004-12-23,44.18
2004-12-27,41.32
2004-12-28,41.77
2004-12-29,43.639999
2004-12-30,43.450001
2005-01-03,42.119999
2005-01-04,43.91
2005-01-05,43.389999
2005-01-06,45.560001
2005-01-07,45.43
2005-01-10,45.330002
2005-01-11,45.68
2005-01-12,46.369999
2005-01-13,48.040001
2005-01-14,48.380001
2005-01-18,48.380001
2005-01-19,47.549999
2005-01-20,46.91
2005-01-21,48.529999
2005-01-24,48.810001
2005-01-25,49.639999
2005-01-26,48.779999
2005-01-27,48.84
2005-01-28,47.18
2005-01-31,48.200001
2005-02-01,47.119999
2005-02-02,46.689999
2005-02-03,46.450001
2005-02-04,46.48
2005-02-07,45.279999
2005-02-08,45.400002
2005-02-09,45.459999
2005-02-10,47.099998
2005-02-11,47.16
2005-02-14,47.439999
2005-02-15,47.259998
2005-02-16,48.330002
2005-02-17,47.540001
2005-02-18,48.349998
2005-02-22,51.150002
2005-02-23,51.169998
2005-02-24,51.389999
2005-02-25,51.490002
2005-02-28,51.75
2005-03-01,51.68
2005-03-02,53.049999
2005-03-03,53.57
2005-03-04,53.779999
2005-03-07,53.889999
2005-03-08,54.59
2005-03-09,54.77
2005-03-10,53.540001
2005-03-11,54.43
2005-03-14,54.950001
2005-03-15,55.049999
2005-03-16,56.459999
2005-03-17,56.400002
2005-03-18,56.720001
2005-03-21,56.619999
2005-03-22,56.029999
2005-03-23,53.810001
2005-03-24,54.84
2005-03-28,54.049999
2005-03-29,54.23
2005-03-30,53.990002
2005-03-31,55.400002
2005-04-01,57.27
2005-04-04,57.009998
2005-04-05,56.040001
2005-04-06,55.849998
2005-04-07,54.110001
2005-04-08,53.32
2005-04-11,53.709999
2005-04-12,51.860001
2005-04-13,50.220001
2005-04-14,51.130001
2005-04-15,50.490002
2005-04-18,50.369999
2005-04-19,52.290001
2005-04-20,52.439999
2005-04-21,54.200001
2005-04-22,55.389999
2005-04-25,54.57
2005-04-26,54.200001
2005-04-27,51.610001
2005-04-28,51.77
2005-04-29,49.720001
2005-05-02,50.919998
2005-05-03,49.5
2005-05-04,50.130001
2005-05-05,50.830002
2005-05-06,50.959999
2005-05-09,52.029999
2005-05-10,52.07
2005-05-11,50.450001
2005-05-12,48.540001
2005-05-13,48.669998
2005-05-16,48.610001
2005-05-17,48.970001
2005-05-18,47.25
2005-05-19,46.919998
2005-05-20,46.799999
2005-05-23,49.16
2005-05-24,49.669998
2005-05-25,50.98
2005-05-26,51.009998
2005-05-27,51.849998
2005-05-31,51.970001
2005-06-01,54.599998
2005-06-02,53.630001
2005-06-03,55.029999
2005-06-06,54.490002
2005-06-07,53.759998
2005-06-08,52.540001
2005-06-09,54.279999
2005-06-10,53.540001
2005-06-13,55.619999
2005-06-14,55
2005-06-15,55.57
2005-06-16,56.580002
2005-06-17,58.470001
2005-06-20,59.369999
2005-06-21,58.900002
2005-06-22,58.09
2005-06-23,59.419998
2005-06-24,59.84
2005-06-27,60.540001
2005-06-28,58.200001
2005-06-29,57.259998
2005-06-30,56.5
2005-07-01,58.75
2005-07-05,59.59
2005-07-06,61.279999
2005-07-07,60.73
2005-07-08,59.630001
2005-07-11,58.919998
2005-07-12,60.619999
2005-07-13,60.009998
2005-07-14,57.799999
2005-07-15,58.09
2005-07-18,57.32
2005-07-19,57.459999
2005-07-20,56.720001
2005-07-21,57.130001
2005-07-22,58.650002
2005-07-25,59
2005-07-26,59.200001
2005-07-27,59.110001
2005-07-28,59.939999
2005-07-29,60.57
2005-08-01,61.57
2005-08-02,61.889999
2005-08-03,60.860001
2005-08-04,61.380001
2005-08-05,62.310001
2005-08-08,63.939999
2005-08-09,63.07
2005-08-10,64.900002
2005-08-11,65.800003
2005-08-12,66.860001
2005-08-15,66.269997
2005-08-16,66.080002
2005-08-17,63.25
2005-08-18,63.27
2005-08-19,65.349998
2005-08-22,65.449997
2005-08-23,65.709999
2005-08-24,67.32
2005-08-25,67.489998
2005-08-26,66.129997
2005-08-29,67.199997
2005-08-30,69.809998
2005-08-31,68.940002
2005-09-01,69.470001
2005-09-02,67.57
2005-09-06,65.959999
2005-09-07,64.370003
2005-09-08,64.489998
2005-09-09,64.080002
2005-09-12,63.330002
2005-09-13,63.110001
2005-09-14,65.089996
2005-09-15,64.75
2005-09-16,63
2005-09-19,67.389999
2005-09-20,66.230003
2005-09-21,66.800003
2005-09-22,66.5
2005-09-23,64.190002
2005-09-26,65.82
2005-09-27,65.07
2005-09-28,66.349998
2005-09-29,66.790001
2005-09-30,66.239998
2005-10-03,65.470001
2005-10-04,63.900002
2005-10-05,62.790001
2005-10-06,61.360001
2005-10-07,61.84
2005-10-10,61.799999
2005-10-11,63.529999
2005-10-12,64.120003
2005-10-13,63.080002
2005-10-14,62.630001
2005-10-17,64.360001
2005-10-18,63.200001
2005-10-19,62.41
2005-10-20,61.029999
2005-10-21,60.630001
2005-10-24,60.32
2005-10-25,62.439999
2005-10-26,60.66
2005-10-27,61.09
2005-10-28,61.220001
2005-10-31,59.759998
2005-11-01,59.849998
2005-11-02,59.75
2005-11-03,61.779999
2005-11-04,60.580002
2005-11-07,59.470001
2005-11-08,59.709999
2005-11-09,58.93
2005-11-10,57.799999
2005-11-11,57.529999
2005-11-14,57.689999
2005-11-15,56.98
2005-11-16,57.880001
2005-11-17,56.330002
2005-11-18,56.139999
2005-11-21,57.700001
2005-11-22,58.84
2005-11-23,58.709999
2005-11-28,57.360001
2005-11-29,56.5
2005-11-30,57.32
2005-12-01,58.470001
2005-12-02,59.32
2005-12-05,59.91
2005-12-06,59.939999
2005-12-07,59.209999
2005-12-08,60.66
2005-12-09,59.389999
2005-12-12,61.299999
2005-12-13,61.369999
2005-12-14,60.849998
2005-12-15,59.990002
2005-12-16,58.060001
2005-12-19,57.330002
2005-12-20,57.98
2005-12-21,58.560001
2005-12-22,58.279999
2005-12-23,58.43
2005-12-27,58.16
2005-12-28,59.82
2005-12-29,60.32
2005-12-30,61.040001
2006-01-03,63.139999
2006-01-04,63.419998
2006-01-05,62.790001
2006-01-06,64.209999
2006-01-09,63.5
2006-01-10,63.369999
2006-01-11,63.939999
2006-01-12,63.939999
2006-01-13,63.919998
2006-01-17,66.309998
2006-01-18,65.730003
2006-01-19,66.830002
2006-01-20,68.349998
2006-01-23,68.099998
2006-01-24,67.059998
2006-01-25,65.849998
2006-01-26,66.260002
2006-01-27,67.760002
2006-01-30,68.349998
2006-01-31,67.919998
2006-02-01,66.559998
2006-02-02,64.68
2006-02-03,65.370003
2006-02-06,65.110001
2006-02-07,63.09
2006-02-08,62.549999
2006-02-09,62.619999
2006-02-10,61.84
2006-02-13,61.240002
2006-02-14,59.57
2006-02-15,57.700001
2006-02-16,58.459999
2006-02-17,59.880001
2006-02-21,61.099998
2006-02-22,61.009998
2006-02-23,60.540001
2006-02-24,62.91
2006-02-27,61
2006-02-28,61.41
2006-03-01,61.970001
2006-03-02,63.360001
2006-03-03,63.669998
2006-03-06,62.41
2006-03-07,61.580002
2006-03-08,60.02
2006-03-09,60.470001
2006-03-10,59.959999
2006-03-13,61.77
2006-03-14,63.099998
2006-03-15,62.169998
2006-03-16,63.580002
2006-03-17,62.77
2006-03-20,60.419998
2006-03-21,60.57
2006-03-22,61.77
2006-03-23,63.91
2006-03-24,64.260002
2006-03-27,64.160004
2006-03-28,66.07
2006-03-29,66.449997
2006-03-30,67.150002
2006-03-31,66.629997
2006-04-03,66.739998
2006-04-04,66.230003
2006-04-05,67.07
2006-04-06,67.940002
2006-04-07,67.389999
2006-04-10,68.739998
2006-04-11,68.980003
2006-04-12,68.620003
2006-04-13,69.32
2006-04-17,70.400002
2006-04-18,71.349998
2006-04-19,72.169998
2006-04-20,71.949997
2006-04-21,75.169998
2006-04-24,73.330002
2006-04-25,72.879997
2006-04-26,71.93
2006-04-27,70.970001
2006-04-28,71.879997
2006-05-01,73.699997
2006-05-02,74.610001
2006-05-03,72.279999
2006-05-04,69.940002
2006-05-05,70.190002
2006-05-08,69.769997
2006-05-09,70.690002
2006-05-10,72.129997
2006-05-11,73.32
2006-05-12,72.040001
2006-05-15,69.410004
2006-05-16,69.529999
2006-05-17,68.699997
2006-05-18,69.449997
2006-05-19,68.529999
2006-05-22,69.230003
2006-05-23,71.760002
2006-05-24,69.860001
2006-05-25,71.32
2006-05-26,71.370003
2006-05-30,72.029999
2006-05-31,71.290001
2006-06-01,70.339996
2006-06-02,72.330002
2006-06-05,72.599998
2006-06-06,72.5
2006-06-07,70.82
2006-06-08,70.349998
2006-06-09,71.629997
2006-06-12,70.360001
2006-06-13,68.559998
2006-06-14,69.139999
2006-06-15,69.5
2006-06-16,69.879997
2006-06-19,68.980003
2006-06-20,68.940002
2006-06-21,70.330002
2006-06-22,70.839996
2006-06-23,70.870003
2006-06-26,71.800003
2006-06-27,71.919998
2006-06-28,72.190002
2006-06-29,73.519997
2006-06-30,73.980003
2006-07-05,75.190002
2006-07-06,75.139999
2006-07-07,74.089996
2006-07-10,73.610001
2006-07-11,74.160004
2006-07-12,74.949997
2006-07-13,76.699997
2006-07-14,77.029999
2006-07-17,75.300003
2006-07-18,73.540001
2006-07-19,72.660004
2006-07-20,73.080002
2006-07-21,74.43
2006-07-24,75.050003
2006-07-25,73.75
2006-07-26,73.940002
2006-07-27,74.540001
2006-07-28,73.239998
2006-07-31,74.400002
2006-08-01,74.910004
2006-08-02,75.809998
2006-08-03,75.459999
2006-08-04,74.760002
2006-08-07,76.980003
2006-08-08,76.309998
2006-08-09,76.349998
2006-08-10,74
2006-08-11,74.349998
2006-08-14,73.529999
2006-08-15,73.050003
2006-08-16,71.889999
2006-08-17,70.059998
2006-08-18,71.139999
2006-08-21,72.449997
2006-08-22,72.629997
2006-08-23,71.760002
2006-08-24,72.360001
2006-08-25,72.510002
2006-08-28,70.610001
2006-08-29,69.709999
2006-08-30,70.029999
2006-08-31,70.260002
2006-09-01,69.190002
2006-09-04,68.019997
2006-09-05,68.599998
2006-09-06,67.5
2006-09-07,67.32
2006-09-08,66.25
2006-09-11,65.610001
2006-09-12,63.759998
2006-09-13,63.970001
2006-09-14,63.220001
2006-09-15,63.330002
2006-09-18,63.799999
2006-09-19,61.66
2006-09-20,60.459999
2006-09-21,61.59
2006-09-22,60.549999
2006-09-25,61.450001
2006-09-26,61.009998
2006-09-27,62.959999
2006-09-28,62.759998
2006-09-29,62.91
2006-10-02,61.029999
2006-10-03,58.68
2006-10-04,59.41
2006-10-05,60.029999
2006-10-06,59.759998
2006-10-09,59.959999
2006-10-10,58.52
2006-10-11,57.59
2006-10-12,57.860001
2006-10-13,58.57
2006-10-16,59.939999
2006-10-17,58.93
2006-10-18,57.650002
2006-10-19,58.5
2006-10-20,56.82
2006-10-23,58.810001
2006-10-24,59.349998
2006-10-25,61.400002
2006-10-26,60.360001
2006-10-27,60.75
2006-10-30,58.360001
2006-10-31,58.73
2006-11-01,58.709999
2006-11-02,57.880001
2006-11-03,59.139999
2006-11-06,60.02
2006-11-07,58.93
2006-11-08,59.830002
2006-11-09,61.16
2006-11-10,59.59
2006-11-13,58.580002
2006-11-14,58.279999
2006-11-15,58.759998
2006-11-16,56.259998
2006-11-17,55.810001
2006-11-20,58.799999
2006-11-21,60.169998
2006-11-22,59.240002
2006-11-27,60.32
2006-11-28,60.990002
2006-11-29,62.459999
2006-11-30,63.130001
2006-12-01,63.43
2006-12-04,62.439999
2006-12-05,62.43
2006-12-06,62.189999
2006-12-07,62.490002
2006-12-08,62.029999
2006-12-11,61.220001
2006-12-12,61.02
2006-12-13,61.369999
2006-12-14,62.509998
2006-12-15,63.43
2006-12-18,62.209999
2006-12-19,63.150002
2006-12-20,63.720001
2006-12-21,62.66
2006-12-22,62.41
2006-12-26,61.099998
2006-12-27,60.34
2006-12-28,60.529999
2006-12-29,61.049999
2007-01-02,61.049999
2007-01-03,58.32
2007-01-04,55.59
2007-01-05,56.310001
2007-01-08,56.09
2007-01-09,55.639999
2007-01-10,54.02
2007-01-11,51.880001
2007-01-12,52.990002
2007-01-16,51.209999
2007-01-17,52.240002
2007-01-18,50.48
2007-01-19,51.990002
2007-01-22,51.130001
2007-01-23,55.040001
2007-01-24,55.369999
2007-01-25,54.23
2007-01-26,55.419998
2007-01-29,54.009998
2007-01-30,56.970001
2007-01-31,58.139999
2007-02-01,57.299999
2007-02-02,59.02
2007-02-05,58.740002
2007-02-06,58.880001
2007-02-07,57.709999
2007-02-08,59.709999
2007-02-09,59.889999
2007-02-12,57.810001
2007-02-13,59.060001
2007-02-14,58
2007-02-15,57.990002
2007-02-16,59.389999
2007-02-20,58.07
2007-02-21,60.07
2007-02-22,60.950001
2007-02-23,61.139999
2007-02-26,61.389999
2007-02-27,61.459999
2007-02-28,61.790001
2007-03-01,62
2007-03-02,61.639999
2007-03-05,60.07
2007-03-06,60.689999
2007-03-07,61.82
2007-03-08,61.639999
2007-03-09,60.049999
2007-03-12,58.91
2007-03-13,57.93
2007-03-14,58.16
2007-03-15,57.549999
2007-03-16,57.110001
2007-03-19,56.59
2007-03-20,56.73
2007-03-21,59.610001
2007-03-22,61.689999
2007-03-23,62.279999
2007-03-26,62.91
2007-03-27,62.93
2007-03-28,64.080002
2007-03-29,66.029999
2007-03-30,65.870003
2007-04-02,65.940002
2007-04-03,64.639999
2007-04-04,64.379997
2007-04-05,64.279999
2007-04-09,61.509998
2007-04-10,61.889999
2007-04-11,62.009998
2007-04-12,63.849998
2007-04-13,63.630001
2007-04-16,63.610001
2007-04-17,63.099998
2007-04-18,63.130001
2007-04-19,61.830002
2007-04-20,63.380001
2007-04-23,65.889999
2007-04-24,64.580002
2007-04-25,65.839996
2007-04-26,65.059998
2007-04-27,66.459999
2007-04-30,65.709999
2007-05-01,64.400002
2007-05-02,63.68
2007-05-03,63.189999
2007-05-04,61.93
2007-05-07,61.470001
2007-05-08,62.259998
2007-05-09,61.549999
2007-05-10,61.810001
2007-05-11,62.369999
2007-05-14,62.459999
2007-05-15,63.169998
2007-05-16,62.549999
2007-05-17,64.860001
2007-05-18,64.940002
2007-05-21,66.269997
2007-05-22,64.970001
2007-05-23,65.769997
2007-05-24,64.18
2007-05-25,65.199997
2007-05-29,63.150002
2007-05-30,63.490002
2007-05-31,64.010002
2007-06-01,65.080002
2007-06-04,66.209999
2007-06-05,65.610001
2007-06-06,65.959999
2007-06-07,66.93
2007-06-08,64.760002
2007-06-11,65.970001
2007-06-12,65.349998
2007-06-13,66.260002
2007-06-14,67.650002
2007-06-15,68
2007-06-18,69.089996
2007-06-19,69.099998
2007-06-20,68.190002
2007-06-21,68.650002
2007-06-22,69.139999
2007-06-25,69.18
2007-06-26,67.769997
2007-06-27,68.970001
2007-06-28,69.57
2007-06-29,70.68
2007-07-02,71.089996
2007-07-03,71.410004
2007-07-05,71.809998
2007-07-06,72.809998
2007-07-09,72.190002
2007-07-10,72.809998
2007-07-11,72.559998
2007-07-12,72.5
2007-07-13,73.93
2007-07-16,74.150002
2007-07-17,74.019997
2007-07-18,75.050003
2007-07-19,75.919998
2007-07-20,75.57
2007-07-23,74.889999
2007-07-24,73.559998
2007-07-25,75.879997
2007-07-26,74.949997
2007-07-27,77.019997
2007-07-30,76.830002
2007-07-31,78.209999
2007-08-01,76.529999
2007-08-02,76.860001
2007-08-03,75.480003
2007-08-06,72.059998
2007-08-07,72.419998
2007-08-08,72.150002
2007-08-09,71.589996
2007-08-10,71.470001
2007-08-13,71.620003
2007-08-14,72.379997
2007-08-15,73.330002
2007-08-16,71
2007-08-17,71.980003
2007-08-20,71.120003
2007-08-21,69.470001
2007-08-22,69.260002
2007-08-23,69.830002
2007-08-24,71.089996
2007-08-27,71.970001
2007-08-28,71.730003
2007-08-29,73.510002
2007-08-30,73.360001
2007-08-31,74.040001
2007-09-04,75.080002
2007-09-05,75.730003
2007-09-06,76.300003
2007-09-07,76.699997
2007-09-10,77.489998
2007-09-11,78.230003
2007-09-12,79.910004
2007-09-13,80.089996
2007-09-14,79.099998
2007-09-17,80.57
2007-09-18,81.510002
2007-09-19,81.93
2007-09-20,83.32
2007-09-21,81.620003
2007-09-24,80.949997
2007-09-25,79.529999
2007-09-26,80.300003
2007-09-27,82.879997
2007-09-28,81.660004
2007-10-01,80.239998
2007-10-02,80.050003
2007-10-03,79.940002
2007-10-04,81.440002
2007-10-05,81.220001
2007-10-08,79.019997
2007-10-09,80.260002
2007-10-10,81.300003
2007-10-11,83.080002
2007-10-12,83.690002
2007-10-15,86.129997
2007-10-16,87.610001
2007-10-17,87.400002
2007-10-18,89.470001
2007-10-19,88.599998
2007-10-22,87.559998
2007-10-23,85.269997
2007-10-24,87.099998
2007-10-25,90.459999
2007-10-26,91.860001
2007-10-29,93.529999
2007-10-30,90.379997
2007-10-31,94.529999
2007-11-01,93.489998
2007-11-02,95.93
2007-11-05,93.980003
2007-11-06,96.699997
2007-11-07,96.370003
2007-11-08,95.459999
2007-11-09,96.32
2007-11-12,94.620003
2007-11-13,91.169998
2007-11-14,94.089996
2007-11-15,93.43
2007-11-16,95.099998
2007-11-19,94.639999
2007-11-20,98.029999
2007-11-21,97.290001
2007-11-23,98.18
2007-11-26,97.699997
2007-11-27,94.419998
2007-11-28,90.620003
2007-11-29,91.010002
2007-11-30,88.709999
2007-12-03,89.309998
2007-12-04,88.32
2007-12-05,87.489998
2007-12-06,90.230003
2007-12-07,88.279999
2007-12-10,87.860001
2007-12-11,90.019997
2007-12-12,94.389999
2007-12-13,92.25
2007-12-14,91.269997
2007-12-17,90.629997
2007-12-18,90.489998
2007-12-19,91.239998
2007-12-20,91.059998
2007-12-21,93.309998
2007-12-24,94.129997
2007-12-26,95.970001
2007-12-27,96.620003
2007-12-28,96
2007-12-31,95.980003
2008-01-02,99.620003
2008-01-03,99.18
2008-01-04,97.910004
2008-01-07,95.089996
2008-01-08,96.330002
2008-01-09,95.669998
2008-01-10,93.709999
2008-01-11,92.690002
2008-01-14,94.199997
2008-01-15,91.900002
2008-01-16,90.839996
2008-01-17,90.129997
2008-01-18,90.57
2008-01-22,89.849998
2008-01-23,86.989998
2008-01-24,89.410004
2008-01-25,90.709999
2008-01-28,90.989998
2008-01-29,91.639999
2008-01-30,92.330002
2008-01-31,91.75
2008-02-01,88.959999
2008-02-04,90.019997
2008-02-05,88.410004
2008-02-06,87.139999
2008-02-07,88.110001
2008-02-08,91.769997
2008-02-11,93.589996
2008-02-12,92.779999
2008-02-13,93.269997
2008-02-14,95.459999
2008-02-15,95.5
2008-02-19,100.010002
2008-02-20,100.739998
2008-02-21,98.230003
2008-02-22,98.809998
2008-02-25,99.230003
2008-02-26,100.879997
2008-02-27,99.639999
2008-02-28,102.589996
2008-02-29,101.839996
2008-03-03,102.449997
2008-03-04,99.519997
2008-03-05,104.519997
2008-03-06,105.470001
2008-03-07,105.150002
2008-03-10,107.900002
2008-03-11,108.75
2008-03-12,109.919998
2008-03-13,110.330002
2008-03-14,110.209999
2008-03-17,105.68
2008-03-18,109.419998
2008-03-19,104.480003
2008-03-20,101.839996
2008-03-24,100.860001
2008-03-25,101.220001
2008-03-26,105.900002
2008-03-27,107.580002
2008-03-28,105.620003
2008-03-31,101.580002
2008-04-01,100.980003
2008-04-02,104.830002
2008-04-03,103.830002
2008-04-04,106.230003
2008-04-07,109.089996
2008-04-08,108.5
2008-04-09,110.870003
2008-04-10,110.110001
2008-04-11,110.139999
2008-04-14,111.760002
2008-04-15,113.790001
2008-04-16,114.93
2008-04-17,114.860001
2008-04-18,116.690002
2008-04-21,117.480003
2008-04-22,119.370003
2008-04-23,118.300003
2008-04-24,116.059998
2008-04-25,118.519997
2008-04-28,118.75
2008-04-29,115.629997
2008-04-30,113.459999
2008-05-01,112.519997
2008-05-02,116.32
2008-05-05,119.970001
2008-05-06,121.839996
2008-05-07,123.529999
2008-05-08,123.690002
2008-05-09,125.959999
2008-05-12,124.230003
2008-05-13,125.800003
2008-05-14,124.220001
2008-05-15,124.120003
2008-05-16,126.290001
2008-05-19,127.050003
2008-05-20,129.070007
2008-05-21,133.169998
2008-05-22,130.809998
2008-05-23,132.190002
2008-05-27,128.850006
2008-05-28,131.029999
2008-05-29,126.620003
2008-05-30,127.349998
2008-06-02,127.760002
2008-06-03,124.309998
2008-06-04,122.300003
2008-06-05,127.790001
2008-06-06,138.539993
2008-06-09,134.350006
2008-06-10,131.309998
2008-06-11,136.380005
2008-06-12,136.740005
2008-06-13,134.860001
2008-06-16,134.610001
2008-06-17,134.009995
2008-06-18,136.679993
2008-06-19,131.929993
2008-06-20,134.619995
2008-06-23,136.740005
2008-06-24,137
2008-06-25,134.550003
2008-06-26,139.639999
2008-06-27,140.210007
2008-06-30,140
2008-07-01,140.970001
2008-07-02,143.570007
2008-07-03,145.289993
2008-07-07,141.369995
2008-07-08,136.039993
2008-07-09,136.050003
2008-07-10,141.649994
2008-07-11,145.080002
2008-07-14,145.179993
2008-07-15,138.740005
2008-07-16,134.600006
2008-07-17,129.289993
2008-07-18,128.880005
2008-07-21,131.039993
2008-07-22,127.949997
2008-07-23,124.440002
2008-07-24,125.489998
2008-07-25,123.260002
2008-07-28,124.730003
2008-07-29,122.190002
2008-07-30,126.769997
2008-07-31,124.080002
2008-08-01,125.099998
2008-08-04,121.410004
2008-08-05,119.169998
2008-08-06,118.580002
2008-08-07,120.019997
2008-08-08,115.199997
2008-08-11,114.449997
2008-08-12,113.010002
2008-08-13,116
2008-08-14,115.010002
2008-08-15,113.769997
2008-08-18,112.870003
2008-08-19,114.529999
2008-08-20,114.980003
2008-08-21,121.18
2008-08-22,114.589996
2008-08-25,115.110001
2008-08-26,116.269997
2008-08-27,118.150002
2008-08-28,115.589996
2008-08-29,115.459999
2008-09-02,109.709999
2008-09-03,109.349998
2008-09-04,107.889999
2008-09-05,106.230003
2008-09-08,106.339996
2008-09-09,103.260002
2008-09-10,102.580002
2008-09-11,100.870003
2008-09-12,101.18
2008-09-15,95.709999
2008-09-16,91.150002
2008-09-17,97.160004
2008-09-18,97.879997
2008-09-19,104.550003
2008-09-22,120.919998
2008-09-23,106.610001
2008-09-24,105.730003
2008-09-25,108.019997
2008-09-26,106.889999
2008-09-29,96.370003
2008-09-30,100.639999
2008-10-01,98.529999
2008-10-02,93.970001
2008-10-03,93.879997
2008-10-06,87.809998
2008-10-07,90.059998
2008-10-08,88.949997
2008-10-09,86.589996
2008-10-10,77.699997
2008-10-13,81.190002
2008-10-14,78.629997
2008-10-15,74.540001
2008-10-16,69.849998
2008-10-17,71.849998
2008-10-20,74.25
2008-10-21,70.889999
2008-10-22,66.75
2008-10-23,67.839996
2008-10-24,64.150002
2008-10-27,63.220001
2008-10-28,62.73
2008-10-29,67.5
2008-10-30,65.959999
2008-10-31,67.809998
2008-11-03,63.91
2008-11-04,70.529999
2008-11-05,65.300003
2008-11-06,60.77
2008-11-07,61.040001
2008-11-10,62.41
2008-11-11,59.330002
2008-11-12,56.16
2008-11-13,58.240002
2008-11-14,57.040001
2008-11-17,54.950001
2008-11-18,54.389999
2008-11-19,53.619999
2008-11-20,49.619999
2008-11-21,49.93
2008-11-24,54.5
2008-11-25,50.77
2008-11-26,54.439999
2008-11-28,54.43
2008-12-01,49.279999
2008-12-02,46.959999
2008-12-03,46.790001
2008-12-04,43.669998
2008-12-05,40.810001
2008-12-08,43.709999
2008-12-09,42.07
2008-12-10,43.52
2008-12-11,47.98
2008-12-12,46.279999
2008-12-15,44.509998
2008-12-16,43.599998
2008-12-17,40.060001
2008-12-18,36.220001
2008-12-19,33.869999
2008-12-22,39.91
2008-12-23,38.98
2008-12-24,35.349998
2008-12-26,37.709999
2008-12-29,40.02
2008-12-30,39.029999
2008-12-31,44.599998
2009-01-02,46.34
2009-01-05,48.810001
2009-01-06,48.580002
2009-01-07,42.630001
2009-01-08,41.700001
2009-01-09,40.830002
2009-01-12,37.59
2009-01-13,37.779999
2009-01-14,37.279999
2009-01-15,35.400002
2009-01-16,36.509998
2009-01-20,38.740002
2009-01-21,43.549999
2009-01-22,43.669998
2009-01-23,46.470001
2009-01-26,45.73
2009-01-27,41.580002
2009-01-28,42.16
2009-01-29,41.439999
2009-01-30,41.68
2009-02-02,40.080002
2009-02-03,40.779999
2009-02-04,40.32
2009-02-05,41.169998
2009-02-06,40.169998
2009-02-09,39.560001
2009-02-10,37.549999
2009-02-11,35.939999
2009-02-12,33.98
2009-02-13,37.509998
2009-02-17,34.93
2009-02-18,34.619999
2009-02-19,39.48
2009-02-20,38.939999
2009-02-23,38.439999
2009-02-24,39.959999
2009-02-25,42.5
2009-02-26,45.220001
2009-02-27,44.759998
2009-03-02,40.150002
2009-03-03,41.650002
2009-03-04,45.380001
2009-03-05,43.610001
2009-03-06,45.52
2009-03-09,47.07
2009-03-10,45.709999
2009-03-11,42.330002
2009-03-12,47.029999
2009-03-13,46.25
2009-03-16,47.349998
2009-03-17,49.16
2009-03-18,48.139999
2009-03-19,51.610001
2009-03-20,51.060001
2009-03-23,53.799999
2009-03-24,53.98
2009-03-25,52.77
2009-03-26,54.34
2009-03-27,52.380001
2009-03-30,48.41
2009-03-31,49.66
2009-04-01,48.389999
2009-04-02,52.639999
2009-04-03,52.509998
2009-04-06,51.049999
2009-04-07,49.150002
2009-04-08,49.380001
2009-04-09,52.240002
2009-04-13,50.049999
2009-04-14,49.41
2009-04-15,49.25
2009-04-16,49.98
2009-04-17,50.330002
2009-04-20,45.880001
2009-04-21,46.509998
2009-04-22,48.849998
2009-04-23,49.619999
2009-04-24,51.549999
2009-04-27,50.139999
2009-04-28,49.919998
2009-04-29,50.970001
2009-04-30,51.119999
2009-05-01,53.200001
2009-05-04,54.470001
2009-05-05,53.84
2009-05-06,56.34
2009-05-07,56.709999
2009-05-08,58.630001
2009-05-11,58.5
2009-05-12,58.849998
2009-05-13,58.02
2009-05-14,58.619999
2009-05-15,56.34
2009-05-18,59.029999
2009-05-19,59.650002
2009-05-20,62.040001
2009-05-21,61.049999
2009-05-22,61.669998
2009-05-26,62.450001
2009-05-27,63.450001
2009-05-28,65.080002
2009-05-29,66.309998
2009-06-01,68.580002
2009-06-02,68.550003
2009-06-03,66.120003
2009-06-04,68.809998
2009-06-05,68.440002
2009-06-08,68.089996
2009-06-09,70.010002
2009-06-10,71.330002
2009-06-11,72.68
2009-06-12,72.040001
2009-06-15,70.620003
2009-06-16,70.470001
2009-06-17,71.029999
2009-06-18,71.370003
2009-06-19,69.550003
2009-06-22,66.93
2009-06-23,69.239998
2009-06-24,68.669998
2009-06-25,70.230003
2009-06-26,69.160004
2009-06-29,71.489998
2009-06-30,69.889999
2009-07-01,69.309998
2009-07-02,66.730003
2009-07-06,64.050003
2009-07-07,62.93
2009-07-08,60.139999
2009-07-09,60.41
2009-07-10,59.889999
2009-07-13,59.689999
2009-07-14,59.52
2009-07-15,61.540001
2009-07-16,62.02
2009-07-17,63.560001
2009-07-20,63.98
2009-07-21,64.720001
2009-07-22,65.400002
2009-07-23,67.160004
2009-07-24,68.050003
2009-07-27,68.379997
2009-07-28,67.230003
2009-07-29,63.349998
2009-07-30,66.940002
2009-07-31,69.449997
2009-08-03,71.580002
2009-08-04,71.419998
2009-08-05,71.970001
2009-08-06,71.940002
2009-08-07,70.93
2009-08-10,70.599998
2009-08-11,69.449997
2009-08-12,70.160004
2009-08-13,70.519997
2009-08-14,67.510002
2009-08-17,66.75
2009-08-18,69.190002
2009-08-19,72.419998
2009-08-20,72.540001
2009-08-21,73.889999
2009-08-24,74.370003
2009-08-25,72.050003
2009-08-26,71.43
2009-08-27,72.489998
2009-08-28,72.739998
2009-08-31,69.959999
2009-09-01,68.050003
2009-09-02,68.050003
2009-09-03,67.959999
2009-09-04,68.019997
2009-09-08,71.099998
2009-09-09,71.309998
2009-09-10,71.940002
2009-09-11,69.290001
2009-09-14,68.860001
2009-09-15,70.93
2009-09-16,72.510002
2009-09-17,72.470001
2009-09-18,72.040001
2009-09-21,69.709999
2009-09-22,71.550003
2009-09-23,68.970001
2009-09-24,65.889999
2009-09-25,66.019997
2009-09-28,66.839996
2009-09-29,66.709999
2009-09-30,70.610001
2009-10-01,70.82
2009-10-02,69.949997
2009-10-05,70.410004
2009-10-06,70.879997
2009-10-07,69.57
2009-10-08,71.690002
2009-10-09,71.769997
2009-10-12,73.269997
2009-10-13,74.150002
2009-10-14,75.18
2009-10-15,77.580002
2009-10-16,78.529999
2009-10-19,79.610001
2009-10-20,79.089996
2009-10-21,81.370003
2009-10-22,81.190002
2009-10-23,80.5
2009-10-26,78.68
2009-10-27,79.550003
2009-10-28,77.459999
2009-10-29,79.870003
2009-10-30,77
2009-11-02,78.129997
2009-11-03,79.599998
2009-11-04,80.400002
2009-11-05,79.620003
2009-11-06,77.43
2009-11-09,79.43
2009-11-10,79.050003
2009-11-11,79.279999
2009-11-12,76.940002
2009-11-13,76.349998
2009-11-16,78.900002
2009-11-17,79.139999
2009-11-18,79.580002
2009-11-19,77.459999
2009-11-20,76.720001
2009-11-23,77.559998
2009-11-24,76.019997
2009-11-25,77.959999
2009-11-27,76.050003
2009-11-30,77.279999
2009-12-01,78.370003
2009-12-02,76.599998
2009-12-03,76.459999
2009-12-04,75.470001
2009-12-07,73.93
2009-12-08,72.620003
2009-12-09,70.669998
2009-12-10,70.540001
2009-12-11,69.870003
2009-12-14,69.510002
2009-12-15,70.690002
2009-12-16,72.660004
2009-12-17,72.650002
2009-12-18,73.360001
2009-12-21,72.470001
2009-12-22,74.400002
2009-12-23,76.669998
2009-12-24,78.050003
2009-12-28,78.769997
2009-12-29,78.870003
2009-12-30,79.279999
2009-12-31,79.360001
2010-01-04,81.510002
2010-01-05,81.769997
2010-01-06,83.18
2010-01-07,82.660004
2010-01-08,82.75
2010-01-11,82.519997
2010-01-12,80.790001
2010-01-13,79.650002
2010-01-14,79.389999
2010-01-15,78
2010-01-19,79.019997
2010-01-20,77.620003
2010-01-21,76.080002
2010-01-22,74.540001
2010-01-25,75.260002
2010-01-26,74.709999
2010-01-27,73.669998
2010-01-28,73.639999
2010-01-29,72.889999
2010-02-01,74.43
2010-02-02,77.230003
2010-02-03,76.980003
2010-02-04,73.139999
2010-02-05,71.190002
2010-02-08,71.889999
2010-02-09,73.75
2010-02-10,74.519997
2010-02-11,75.279999
2010-02-12,74.129997
2010-02-16,77.010002
2010-02-17,77.330002
2010-02-18,79.059998
2010-02-19,79.809998
2010-02-22,80.160004
2010-02-23,78.860001
2010-02-24,80
2010-02-25,78.169998
2010-02-26,79.660004
2010-03-01,78.699997
2010-03-02,79.68
2010-03-03,80.870003
2010-03-04,80.209999
2010-03-05,81.5
2010-03-08,81.870003
2010-03-09,81.489998
2010-03-10,82.089996
2010-03-11,82.110001
2010-03-12,81.239998
2010-03-15,79.800003
2010-03-16,81.699997
2010-03-17,82.93
2010-03-18,82.199997
2010-03-19,80.68
2010-03-22,81.25
2010-03-23,81.910004
2010-03-24,80.610001
2010-03-25,80.529999
2010-03-26,80
2010-03-29,82.169998
2010-03-30,82.370003
2010-03-31,83.760002
2010-04-01,84.870003
2010-04-05,86.620003
2010-04-06,86.839996
2010-04-07,85.879997
2010-04-08,85.389999
2010-04-09,84.919998
2010-04-12,84.339996
2010-04-13,84.050003
2010-04-14,85.839996
2010-04-15,85.510002
2010-04-16,83.239998
2010-04-19,81.449997
2010-04-20,83.449997
2010-04-21,83.68
2010-04-22,83.699997
2010-04-23,85.120003
2010-04-26,84.199997
2010-04-27,82.440002
2010-04-28,83.220001
2010-04-29,85.169998
2010-04-30,86.150002
2010-05-03,86.190002
2010-05-04,82.739998
2010-05-05,79.970001
2010-05-06,77.110001
2010-05-07,75.110001
2010-05-10,76.800003
2010-05-11,76.370003
2010-05-12,75.650002
2010-05-13,74.400002
2010-05-14,71.610001
2010-05-17,70.080002
2010-05-18,69.410004
2010-05-19,69.870003
2010-05-20,68.010002
2010-05-21,70.040001
2010-05-24,70.209999
2010-05-25,68.75
2010-05-26,71.510002
2010-05-27,74.550003
2010-05-28,73.970001
2010-06-01,72.580002
2010-06-02,72.860001
2010-06-03,74.610001
2010-06-04,71.510002
2010-06-07,71.440002
2010-06-08,71.989998
2010-06-09,74.379997
2010-06-10,75.480003
2010-06-11,73.779999
2010-06-14,75.120003
2010-06-15,76.940002
2010-06-16,77.669998
2010-06-17,76.790001
2010-06-18,77.18
2010-06-21,77.82
2010-06-22,77.209999
2010-06-23,76.349998
2010-06-24,76.510002
2010-06-25,78.860001
2010-06-28,78.25
2010-06-29,75.940002
2010-06-30,75.629997
2010-07-01,72.949997
2010-07-02,72.139999
2010-07-06,71.980003
2010-07-07,74.07
2010-07-08,75.440002
2010-07-09,76.089996
2010-07-12,74.949997
2010-07-13,77.150002
2010-07-14,77.040001
2010-07-15,76.620003
2010-07-16,76.010002
2010-07-19,76.540001
2010-07-20,77.440002
2010-07-21,76.559998
2010-07-22,79.300003
2010-07-23,78.980003
2010-07-26,78.980003
2010-07-27,77.5
2010-07-28,76.989998
2010-07-29,78.360001
2010-07-30,78.949997
2010-08-02,81.339996
2010-08-03,82.550003
2010-08-04,82.470001
2010-08-05,82.010002
2010-08-06,80.699997
2010-08-09,81.480003
2010-08-10,80.25
2010-08-11,78.019997
2010-08-12,75.739998
2010-08-13,75.389999
2010-08-16,75.239998
2010-08-17,75.769997
2010-08-18,75.419998
2010-08-19,74.43
2010-08-20,73.459999
2010-08-23,73.099998
2010-08-24,71.629997
2010-08-25,72.519997
2010-08-26,73.360001
2010-08-27,75.169998
2010-08-30,74.699997
2010-08-31,71.919998
2010-09-01,73.910004
2010-09-02,75.019997
2010-09-03,74.599998
2010-09-07,74.089996
2010-09-08,74.669998
2010-09-09,74.25
2010-09-10,76.449997
2010-09-13,77.190002
2010-09-14,76.800003
2010-09-15,76.019997
2010-09-16,74.57
2010-09-17,73.660004
2010-09-20,74.860001
2010-09-21,73.519997
2010-09-22,74.709999
2010-09-23,75.18
2010-09-24,76.489998
2010-09-27,76.519997
2010-09-28,76.18
2010-09-29,77.860001
2010-09-30,79.970001
2010-10-01,81.580002
2010-10-04,81.470001
2010-10-05,82.82
2010-10-06,83.230003
2010-10-07,81.669998
2010-10-08,82.660004
2010-10-11,82.209999
2010-10-12,81.669998
2010-10-13,83.010002
2010-10-14,82.690002
2010-10-15,81.25
2010-10-18,83.080002
2010-10-19,79.489998
2010-10-20,81.769997
2010-10-21,80.559998
2010-10-22,81.690002
2010-10-25,82.519997
2010-10-26,82.550003
2010-10-27,81.940002
2010-10-28,82.18
2010-10-29,81.43
2010-11-01,82.949997
2010-11-02,83.900002
2010-11-03,84.690002
2010-11-04,86.489998
2010-11-05,86.849998
2010-11-08,87.059998
2010-11-09,86.720001
2010-11-10,87.809998
2010-11-11,87.809998
2010-11-12,84.879997
2010-11-15,84.860001
2010-11-16,82.339996
2010-11-17,80.440002
2010-11-18,81.849998
2010-11-19,81.510002
2010-11-22,81.739998
2010-11-23,81.25
2010-11-24,83.860001
2010-11-26,83.760002
2010-11-29,85.730003
2010-11-30,84.110001
2010-12-01,86.75
2010-12-02,88
2010-12-03,89.190002
2010-12-06,89.379997
2010-12-07,88.690002
2010-12-08,88.279999
2010-12-09,88.370003
2010-12-10,87.790001
2010-12-13,88.610001
2010-12-14,88.279999
2010-12-15,88.620003
2010-12-16,87.699997
2010-12-17,88.019997
2010-12-20,88.809998
2010-12-21,89.82
2010-12-22,90.480003
2010-12-23,91.510002
2010-12-27,91
2010-12-28,91.489998
2010-12-29,91.120003
2010-12-30,89.839996
2010-12-31,91.379997
2011-01-03,91.550003
2011-01-04,89.379997
2011-01-05,90.300003
2011-01-06,88.379997
2011-01-07,88.029999
2011-01-10,89.25
2011-01-11,91.110001
2011-01-12,91.860001
2011-01-13,91.400002
2011-01-14,91.540001
2011-01-18,91.379997
2011-01-19,90.860001
2011-01-20,88.860001
2011-01-21,89.110001
2011-01-24,87.870003
2011-01-25,86.190002
2011-01-26,87.330002
2011-01-27,85.639999
2011-01-28,89.339996
2011-01-31,92.190002
2011-02-01,90.769997
2011-02-02,90.860001
2011-02-03,90.540001
2011-02-04,89.029999
2011-02-07,87.480003
2011-02-08,86.940002
2011-02-09,86.709999
2011-02-10,86.730003
2011-02-11,85.580002
2011-02-14,84.809998
2011-02-15,84.32
2011-02-16,84.989998
2011-02-17,86.360001
2011-02-18,86.199997
2011-02-22,93.57
2011-02-23,98.099998
2011-02-24,97.279999
2011-02-25,97.879997
2011-02-28,96.970001
2011-03-01,99.629997
2011-03-02,102.230003
2011-03-03,101.910004
2011-03-04,104.419998
2011-03-07,105.440002
2011-03-08,105.019997
2011-03-09,104.379997
2011-03-10,102.699997
2011-03-11,101.160004
2011-03-14,101.190002
2011-03-15,97.18
2011-03-16,97.980003
2011-03-17,101.419998
2011-03-18,101.07
2011-03-21,102.330002
2011-03-22,104
2011-03-23,105.75
2011-03-24,105.599998
2011-03-25,105.400002
2011-03-28,103.980003
2011-03-29,104.790001
2011-03-30,104.269997
2011-03-31,106.720001
2011-04-01,107.940002
2011-04-04,108.470001
2011-04-05,108.339996
2011-04-06,108.830002
2011-04-07,110.300003
2011-04-08,112.790001
2011-04-11,109.919998
2011-04-12,106.25
2011-04-13,107.110001
2011-04-14,108.110001
2011-04-15,109.660004
2011-04-18,107.120003
2011-04-19,108.150002
2011-04-20,111.449997
2011-04-21,112.290001
2011-04-25,112.279999
2011-04-26,112.209999
2011-04-27,112.760002
2011-04-28,112.860001
2011-04-29,113.93
2011-05-02,113.519997
2011-05-03,111.050003
2011-05-04,109.239998
2011-05-05,99.800003
2011-05-06,97.18
2011-05-09,102.550003
2011-05-10,103.879997
2011-05-11,98.209999
2011-05-12,98.970001
2011-05-13,99.650002
2011-05-16,97.370003
2011-05-17,96.910004
2011-05-18,100.099998
2011-05-19,98.440002
2011-05-20,99.489998
2011-05-23,97.699997
2011-05-24,99.589996
2011-05-25,101.32
2011-05-26,100.230003
2011-05-27,100.589996
2011-05-31,102.699997
2011-06-01,100.290001
2011-06-02,100.400002
2011-06-03,100.220001
2011-06-06,99.010002
2011-06-07,99.089996
2011-06-08,100.739998
2011-06-09,101.93
2011-06-10,99.290001
2011-06-13,97.300003
2011-06-14,99.370003
2011-06-15,94.809998
2011-06-16,94.949997
2011-06-17,93.010002
2011-06-20,93.260002
2011-06-21,93.400002
2011-06-22,95.410004
2011-06-23,91.019997
2011-06-24,91.160004
2011-06-27,90.610001
2011-06-28,92.889999
2011-06-29,94.769997
2011-06-30,95.419998
2011-07-01,94.940002
2011-07-05,96.889999
2011-07-06,96.650002
2011-07-07,98.669998
2011-07-08,96.199997
2011-07-11,95.150002
2011-07-12,97.43
2011-07-13,98.050003
2011-07-14,95.690002
2011-07-15,97.239998
2011-07-18,95.93
2011-07-19,97.5
2011-07-20,98.139999
2011-07-21,99.129997
2011-07-22,99.870003
2011-07-25,99.199997
2011-07-26,99.589996
2011-07-27,97.400002
2011-07-28,97.440002
2011-07-29,95.699997
2011-08-01,94.889999
2011-08-02,93.790001
2011-08-03,91.93
2011-08-04,86.629997
2011-08-05,86.879997
2011-08-08,81.309998
2011-08-09,79.300003
2011-08-10,82.889999
2011-08-11,85.720001
2011-08-12,85.379997
2011-08-15,87.879997
2011-08-16,86.650002
2011-08-17,87.580002
2011-08-18,82.379997
2011-08-19,82.260002
2011-08-22,84.120003
2011-08-23,85.440002
2011-08-24,85.160004
2011-08-25,85.300003
2011-08-26,85.370003
2011-08-29,87.269997
2011-08-30,88.900002
2011-08-31,88.809998
2011-09-01,88.93
2011-09-02,86.449997
2011-09-06,86.019997
2011-09-07,89.339996
2011-09-08,89.050003
2011-09-09,87.239998
2011-09-12,88.190002
2011-09-13,90.209999
2011-09-14,88.910004
2011-09-15,89.400002
2011-09-16,87.959999
2011-09-19,85.699997
2011-09-20,86.889999
2011-09-21,85.919998
2011-09-22,80.510002
2011-09-23,79.849998
2011-09-26,80.239998
2011-09-27,84.449997
2011-09-28,81.209999
2011-09-29,82.139999
2011-09-30,79.199997
2011-10-03,77.610001
2011-10-04,75.669998
2011-10-05,79.68
2011-10-06,82.589996
2011-10-07,82.980003
2011-10-10,85.410004
2011-10-11,85.809998
2011-10-12,85.57
2011-10-13,84.230003
2011-10-14,86.800003
2011-10-17,86.379997
2011-10-18,88.339996
2011-10-19,86.110001
2011-10-20,85.300003
2011-10-21,87.400002
2011-10-24,91.269997
2011-10-25,93.169998
2011-10-26,90.199997
2011-10-27,93.959999
2011-10-28,93.32
2011-10-31,93.190002
2011-11-01,92.190002
2011-11-02,92.510002
2011-11-03,94.07
2011-11-04,94.260002
2011-11-07,95.519997
2011-11-08,96.800003
2011-11-09,95.739998
2011-11-10,97.779999
2011-11-11,98.989998
2011-11-14,98.139999
2011-11-15,99.370003
2011-11-16,102.589996
2011-11-17,98.82
2011-11-18,97.410004
2011-11-21,96.919998
2011-11-22,98.010002
2011-11-23,96.169998
2011-11-25,96.769997
2011-11-28,98.209999
2011-11-29,99.790001
2011-11-30,100.360001
2011-12-01,100.199997
2011-12-02,100.959999
2011-12-05,100.989998
2011-12-06,101.279999
2011-12-07,100.489998
2011-12-08,98.339996
2011-12-09,99.410004
2011-12-12,97.769997
2011-12-13,100.139999
2011-12-14,94.949997
2011-12-15,93.870003
2011-12-16,93.529999
2011-12-19,93.879997
2011-12-20,97.220001
2011-12-21,98.669998
2011-12-22,99.529999
2011-12-23,99.68
2011-12-27,101.339996
2011-12-28,99.360001
2011-12-29,99.650002
2011-12-30,98.830002
2012-01-03,102.959999
2012-01-04,103.220001
2012-01-05,101.809998
2012-01-06,101.559998
2012-01-09,101.309998
2012-01-10,102.239998
2012-01-11,100.870003
2012-01-12,99.099998
2012-01-13,98.699997
2012-01-17,100.709999
2012-01-18,100.589996
2012-01-19,100.389999
2012-01-20,98.459999
2012-01-23,99.580002
2012-01-24,98.949997
2012-01-25,99.400002
2012-01-26,99.699997
2012-01-27,99.559998
2012-01-30,98.779999
2012-01-31,98.480003
2012-02-01,97.610001
2012-02-02,96.360001
2012-02-03,97.839996
2012-02-06,96.910004
2012-02-07,98.410004
2012-02-08,98.709999
2012-02-09,99.839996
2012-02-10,98.669998
2012-02-13,100.910004
2012-02-14,100.739998
2012-02-15,101.800003
2012-02-16,102.309998
2012-02-17,103.239998
2012-02-21,105.839996
2012-02-22,106.279999
2012-02-23,107.830002
2012-02-24,109.769997
2012-02-27,108.559998
2012-02-28,106.550003
2012-02-29,107.07
2012-03-01,108.839996
2012-03-02,106.699997
2012-03-05,106.720001
2012-03-06,104.699997
2012-03-07,106.160004
2012-03-08,106.580002
2012-03-09,107.400002
2012-03-12,106.339996
2012-03-13,106.709999
2012-03-14,105.43
2012-03-15,105.110001
2012-03-16,107.059998
2012-03-19,108.089996
2012-03-20,105.610001
2012-03-21,107.269997
2012-03-22,105.349998
2012-03-23,106.870003
2012-03-26,107.029999
2012-03-27,107.330002
2012-03-28,105.410004
2012-03-29,102.779999
2012-03-30,103.019997
2012-04-02,105.230003
2012-04-03,104.010002
2012-04-04,101.470001
2012-04-05,103.309998
2012-04-09,102.459999
2012-04-10,101.019997
2012-04-11,102.699997
2012-04-12,103.639999
2012-04-13,102.830002
2012-04-16,102.93
2012-04-17,104.199997
2012-04-18,102.669998
2012-04-19,102.269997
2012-04-20,103.050003
2012-04-23,103.110001
2012-04-24,103.550003
2012-04-25,104.120003
2012-04-26,104.550003
2012-04-27,104.93
2012-04-30,104.870003
2012-05-01,106.160004
2012-05-02,105.220001
2012-05-03,102.540001
2012-05-04,98.489998
2012-05-07,97.940002
2012-05-08,97.010002
2012-05-09,96.809998
2012-05-10,97.080002
2012-05-11,96.129997
2012-05-14,94.779999
2012-05-15,93.980003
2012-05-16,92.809998
2012-05-17,92.559998
2012-05-18,91.480003
2012-05-21,92.57
2012-05-22,91.660004
2012-05-23,89.900002
2012-05-24,90.660004
2012-05-25,90.860001
2012-05-29,90.760002
2012-05-30,87.82
2012-05-31,86.529999
2012-06-01,83.230003
2012-06-04,83.980003
2012-06-05,84.290001
2012-06-06,85.019997
2012-06-07,84.82
2012-06-08,84.099998
2012-06-11,82.699997
2012-06-12,83.32
2012-06-13,82.620003
2012-06-14,83.910004
2012-06-15,84.029999
2012-06-18,83.269997
2012-06-19,84.029999
2012-06-20,81.800003
2012-06-21,78.199997
2012-06-22,79.760002
2012-06-25,79.209999
2012-06-26,79.360001
2012-06-27,80.209999
2012-06-28,77.690002
2012-06-29,84.959999
2012-07-02,83.75
2012-07-03,87.660004
2012-07-05,87.220001
2012-07-06,84.449997
2012-07-09,85.989998
2012-07-10,83.910004
2012-07-11,85.809998
2012-07-12,86.080002
2012-07-13,87.099998
2012-07-16,88.43
2012-07-17,89.220001
2012-07-18,89.870003
2012-07-19,92.660004
2012-07-20,91.440002
2012-07-23,88.139999
2012-07-24,88.5
2012-07-25,88.970001
2012-07-26,89.389999
2012-07-27,90.129997
2012-07-30,89.779999
2012-07-31,88.059998
2012-08-01,88.910004
2012-08-02,87.129997
2012-08-03,91.400002
2012-08-06,92.199997
2012-08-07,93.669998
2012-08-08,93.349998
2012-08-09,93.360001
2012-08-10,92.870003
2012-08-13,92.730003
2012-08-14,93.43
2012-08-15,94.330002
2012-08-16,95.599998
2012-08-17,96.010002
2012-08-20,95.970001
2012-08-21,96.68
2012-08-22,97.260002
2012-08-23,96.269997
2012-08-24,96.150002
2012-08-27,95.470001
2012-08-28,96.330002
2012-08-29,95.489998
2012-08-30,94.620003
2012-08-31,96.470001
2012-09-04,95.300003
2012-09-05,95.360001
2012-09-06,95.529999
2012-09-07,96.419998
2012-09-10,96.540001
2012-09-11,97.169998
2012-09-12,97.010002
2012-09-13,98.309998
2012-09-14,99
2012-09-17,96.620003
2012-09-18,95.290001
2012-09-19,91.980003
2012-09-20,91.870003
2012-09-21,92.889999
2012-09-24,91.93
2012-09-25,91.370003
2012-09-26,89.980003
2012-09-27,91.849998
2012-09-28,92.190002
2012-10-01,92.480003
2012-10-02,91.889999
2012-10-03,88.139999
2012-10-04,91.709999
2012-10-05,89.879997
2012-10-08,89.330002
2012-10-09,92.389999
2012-10-10,91.25
2012-10-11,92.07
2012-10-12,91.860001
2012-10-15,91.849998
2012-10-16,92.089996
2012-10-17,92.120003
2012-10-18,92.099998
2012-10-19,90.050003
2012-10-22,88.730003
2012-10-23,86.669998
2012-10-24,85.730003
2012-10-25,86.050003
2012-10-26,86.279999
2012-10-31,86.239998
2012-11-01,87.089996
2012-11-02,84.860001
2012-11-05,85.650002
2012-11-06,88.709999
2012-11-07,84.440002
2012-11-08,85.089996
2012-11-09,86.07
2012-11-12,85.57
2012-11-13,85.379997
2012-11-14,86.32
2012-11-15,85.449997
2012-11-16,86.669998
2012-11-19,89.279999
2012-11-20,86.75
2012-11-21,87.379997
2012-11-23,88.279999
2012-11-26,87.739998
2012-11-27,87.18
2012-11-28,86.489998
2012-11-29,88.07
2012-11-30,88.910004
2012-12-03,89.089996
2012-12-04,88.5
2012-12-05,87.879997
2012-12-06,86.260002
2012-12-07,85.93
2012-12-10,85.559998
2012-12-11,85.790001
2012-12-12,86.769997
2012-12-13,85.889999
2012-12-14,86.730003
2012-12-17,87.199997
2012-12-18,87.93
2012-12-19,89.510002
2012-12-20,90.129997
2012-12-21,88.660004
2012-12-24,88.610001
2012-12-26,90.980003
2012-12-27,90.870003
2012-12-28,90.800003
2012-12-31,91.82
2013-01-02,93.120003
2013-01-03,92.919998
2013-01-04,93.089996
2013-01-07,93.190002
2013-01-08,93.150002
2013-01-09,93.099998
2013-01-10,93.82
2013-01-11,93.559998
2013-01-14,94.139999
2013-01-15,93.279999
2013-01-16,94.239998
2013-01-17,95.489998
2013-01-18,95.559998
2013-01-22,96.239998
2013-01-23,95.230003
2013-01-24,95.949997
2013-01-25,95.879997
2013-01-28,96.440002
2013-01-29,97.57
2013-01-30,97.940002
2013-01-31,97.489998
2013-02-01,97.769997
2013-02-04,96.169998
2013-02-05,96.639999
2013-02-06,96.620003
2013-02-07,95.830002
2013-02-08,95.720001
2013-02-11,97.029999
2013-02-12,97.510002
2013-02-13,97.010002
2013-02-14,97.309998
2013-02-15,95.860001
2013-02-19,96.660004
2013-02-20,94.459999
2013-02-21,92.839996
2013-02-22,93.129997
2013-02-25,93.110001
2013-02-26,92.629997
2013-02-27,92.760002
2013-02-28,92.050003
2013-03-01,90.68
2013-03-04,90.120003
2013-03-05,90.82
2013-03-06,90.43
2013-03-07,91.559998
2013-03-08,91.949997
2013-03-11,92.059998
2013-03-12,92.540001
2013-03-13,92.519997
2013-03-14,93.029999
2013-03-15,93.449997
2013-03-18,93.739998
2013-03-19,92.160004
2013-03-20,92.959999
2013-03-21,92.449997
2013-03-22,93.709999
2013-03-25,94.809998
2013-03-26,96.339996
2013-03-27,96.580002
2013-03-28,97.230003
2013-04-01,97.07
2013-04-02,97.190002
2013-04-03,94.449997
2013-04-04,93.260002
2013-04-05,92.699997
2013-04-08,93.360001
2013-04-09,94.199997
2013-04-10,94.639999
2013-04-11,93.510002
2013-04-12,91.290001
2013-04-15,88.709999
2013-04-16,88.720001
2013-04-17,86.68
2013-04-18,87.730003
2013-04-19,88.010002
2013-04-22,88.760002
2013-04-23,89.18
2013-04-24,91.43
2013-04-25,93.639999
2013-04-26,93
2013-04-29,94.5
2013-04-30,93.459999
2013-05-01,91.029999
2013-05-02,93.989998
2013-05-03,95.610001
2013-05-06,96.160004
2013-05-07,95.620003
2013-05-08,96.620003
2013-05-09,96.389999
2013-05-10,96.040001
2013-05-13,95.169998
2013-05-14,94.209999
2013-05-15,94.300003
2013-05-16,95.160004
2013-05-17,96.019997
2013-05-20,96.709999
2013-05-21,96.160004
2013-05-22,94.279999
2013-05-23,94.25
2013-05-24,94.150002
2013-05-28,95.010002
2013-05-29,93.129997
2013-05-30,93.610001
2013-05-31,91.970001
2013-06-03,93.449997
2013-06-04,93.309998
2013-06-05,93.739998
2013-06-06,94.760002
2013-06-07,96.029999
2013-06-10,95.769997
2013-06-11,95.379997
2013-06-12,95.879997
2013-06-13,96.690002
2013-06-14,97.849998
2013-06-17,97.769997
2013-06-18,98.440002
2013-06-19,98.239998
2013-06-20,95.400002
2013-06-21,93.690002
2013-06-24,95.18
2013-06-25,95.32
2013-06-26,95.5
2013-06-27,97.050003
2013-06-28,96.559998
2013-07-01,97.989998
2013-07-02,99.599998
2013-07-03,101.239998
2013-07-05,103.220001
2013-07-08,103.139999
2013-07-09,103.529999
2013-07-10,106.519997
2013-07-11,104.910004
2013-07-12,105.949997
2013-07-15,106.32
2013-07-16,106
2013-07-17,106.480003
2013-07-18,108.040001
2013-07-19,108.050003
2013-07-22,106.910004
2013-07-23,107.230003
2013-07-24,105.389999
2013-07-25,105.489998
2013-07-26,104.699997
2013-07-29,104.550003
2013-07-30,103.080002
2013-07-31,105.029999
2013-08-01,107.889999
2013-08-02,106.940002
2013-08-05,106.559998
2013-08-06,105.300003
2013-08-07,104.370003
2013-08-08,103.400002
2013-08-09,105.970001
2013-08-12,106.110001
2013-08-13,106.830002
2013-08-14,106.849998
2013-08-15,107.330002
2013-08-16,107.459999
2013-08-19,107.099998
2013-08-20,104.970001
2013-08-21,103.849998
2013-08-22,105.029999
2013-08-23,106.419998
2013-08-26,105.919998
2013-08-27,109.010002
2013-08-28,110.099998
2013-08-29,108.800003
2013-08-30,107.650002
2013-09-03,108.540001
2013-09-04,107.230003
2013-09-05,108.370003
2013-09-06,110.529999
2013-09-09,109.519997
2013-09-10,107.389999
2013-09-11,107.559998
2013-09-12,108.599998
2013-09-13,108.209999
2013-09-16,106.589996
2013-09-17,105.419998
2013-09-18,108.07
2013-09-19,106.389999
2013-09-20,104.68
2013-09-23,103.589996
2013-09-24,103.129997
2013-09-25,102.660004
2013-09-26,103.029999
2013-09-27,102.870003
2013-09-30,102.330002
2013-10-01,102.040001
2013-10-02,104.099998
2013-10-03,103.309998
2013-10-04,103.839996
2013-10-07,103.029999
2013-10-08,103.489998
2013-10-09,101.610001
2013-10-10,103.010002
2013-10-11,102.019997
2013-10-14,102.410004
2013-10-15,101.209999
2013-10-16,102.290001
2013-10-17,100.669998
2013-10-18,100.809998
2013-10-21,99.220001
2013-10-22,97.800003
2013-10-23,96.860001
2013-10-24,97.110001
2013-10-25,97.849998
2013-10-28,98.68
2013-10-29,98.199997
2013-10-30,96.769997
2013-10-31,96.379997
2013-11-01,94.610001
2013-11-04,94.620003
2013-11-05,93.370003
2013-11-06,94.800003
2013-11-07,94.199997
2013-11-08,94.599998
2013-11-11,95.139999
2013-11-12,93.040001
2013-11-13,93.879997
2013-11-14,93.760002
2013-11-15,93.839996
2013-11-18,93.029999
2013-11-19,93.339996
2013-11-20,93.330002
2013-11-21,95.440002
2013-11-22,94.839996
2013-11-25,94.089996
2013-11-26,93.68
2013-11-27,92.300003
2013-11-29,92.720001
2013-12-02,93.82
2013-12-03,96.040001
2013-12-04,97.199997
2013-12-05,97.379997
2013-12-06,97.650002
2013-12-09,97.339996
2013-12-10,98.510002
2013-12-11,97.440002
2013-12-12,97.5
2013-12-13,96.599998
2013-12-16,97.480003
2013-12-17,97.220001
2013-12-18,97.800003
2013-12-19,98.769997
2013-12-20,99.32
2013-12-23,98.910004
2013-12-24,99.220001
2013-12-26,99.550003
2013-12-27,100.32
2013-12-30,99.290001
2013-12-31,98.419998
2014-01-02,95.440002
2014-01-03,93.959999
2014-01-06,93.43
2014-01-07,93.669998
2014-01-08,92.330002
2014-01-09,91.660004
2014-01-10,92.720001
2014-01-13,91.800003
2014-01-14,92.589996
2014-01-15,94.169998
2014-01-16,93.959999
2014-01-17,94.370003
2014-01-21,94.989998
2014-01-22,96.730003
2014-01-23,97.32
2014-01-24,96.639999
2014-01-27,95.720001
2014-01-28,97.410004
2014-01-29,97.360001
2014-01-30,98.230003
2014-01-31,97.489998
2014-02-03,96.43
2014-02-04,97.190002
2014-02-05,97.379997
2014-02-06,97.839996
2014-02-07,99.879997
2014-02-10,100.059998
2014-02-11,99.940002
2014-02-12,100.370003
2014-02-13,100.349998
2014-02-14,100.300003
2014-02-18,102.43
2014-02-19,103.309998
2014-02-20,102.919998
2014-02-21,102.199997
2014-02-24,102.82
2014-02-25,101.830002
2014-02-26,102.589996
2014-02-27,102.400002
2014-02-28,102.589996
2014-03-03,104.919998
2014-03-04,103.330002
2014-03-05,101.449997
2014-03-06,101.559998
2014-03-07,102.580002
2014-03-10,101.120003
2014-03-11,100.029999
2014-03-12,97.989998
2014-03-13,98.199997
2014-03-14,98.889999
2014-03-17,98.080002
2014-03-18,99.699997
2014-03-19,100.370003
2014-03-20,99.43
2014-03-21,99.459999
2014-03-24,99.599998
2014-03-25,99.190002
2014-03-26,100.260002
2014-03-27,101.279999
2014-03-28,101.669998
2014-03-31,101.580002
2014-04-01,99.739998
2014-04-02,99.620003
2014-04-03,100.290001
2014-04-04,101.139999
2014-04-07,100.440002
2014-04-08,102.559998
2014-04-09,103.599998
2014-04-10,103.400002
2014-04-11,103.739998
2014-04-14,104.050003
2014-04-15,103.75
2014-04-16,103.760002
2014-04-17,104.300003
2014-04-21,104.370003
2014-04-22,102.129997
2014-04-23,101.440002
2014-04-24,101.940002
2014-04-25,100.599998
2014-04-28,100.839996
2014-04-29,101.279999
2014-04-30,99.739998
2014-05-01,99.419998
2014-05-02,99.760002
2014-05-05,99.480003
2014-05-06,99.5
2014-05-07,100.769997
2014-05-08,100.260002
2014-05-09,99.989998
2014-05-12,100.589996
2014-05-13,101.699997
2014-05-14,102.370003
2014-05-15,101.5
2014-05-16,102.019997
2014-05-19,102.610001
2014-05-20,102.440002
2014-05-21,104.07
2014-05-22,103.739998
2014-05-23,104.349998
2014-05-27,104.110001
2014-05-28,102.720001
2014-05-29,103.580002
2014-05-30,102.709999
2014-06-02,102.470001
2014-06-03,102.660004
2014-06-04,102.639999
2014-06-05,102.480003
2014-06-06,102.660004
2014-06-09,104.410004
2014-06-10,104.349998
2014-06-11,104.400002
2014-06-12,106.529999
2014-06-13,106.910004
2014-06-16,106.900002
2014-06-17,106.360001
2014-06-18,105.970001
2014-06-19,106.43
2014-06-20,107.260002
2014-06-23,106.169998
2014-06-24,106.029999
2014-06-25,106.5
2014-06-26,105.839996
2014-06-27,105.739998
2014-06-30,105.370003
2014-07-01,105.339996
2014-07-02,104.480003
2014-07-03,104.059998
2014-07-07,103.529999
2014-07-08,103.400002
2014-07-09,102.290001
2014-07-10,102.93
2014-07-11,100.830002
2014-07-14,100.910004
2014-07-15,99.959999
2014-07-16,101.199997
2014-07-17,103.190002
2014-07-18,103.129997
2014-07-21,104.589996
2014-07-22,104.419998
2014-07-23,103.120003
2014-07-24,102.07
2014-07-25,102.089996
2014-07-28,101.669998
2014-07-29,100.970001
2014-07-30,100.269997
2014-07-31,98.169998
2014-08-01,97.879997
2014-08-04,98.290001
2014-08-05,97.379997
2014-08-06,96.919998
2014-08-07,97.339996
2014-08-08,97.650002
2014-08-11,98.080002
2014-08-12,97.370003
2014-08-13,97.589996
2014-08-14,95.580002
2014-08-15,97.349998
2014-08-18,96.410004
2014-08-19,94.480003
2014-08-20,96.07
2014-08-21,93.959999
2014-08-22,93.650002
2014-08-25,93.349998
2014-08-26,93.860001
2014-08-27,93.879997
2014-08-28,94.550003
2014-08-29,95.959999
2014-09-02,92.879997
2014-09-03,95.540001
2014-09-04,94.449997
2014-09-05,93.290001
2014-09-08,92.660004
2014-09-09,92.75
2014-09-10,91.669998
2014-09-11,92.830002
2014-09-12,92.269997
2014-09-15,92.919998
2014-09-16,94.879997
2014-09-17,94.419998
2014-09-18,93.07
2014-09-19,92.410004
2014-09-22,91.519997
2014-09-23,91.559998
2014-09-24,92.800003
2014-09-25,92.529999
2014-09-26,93.540001
2014-09-29,94.57
2014-09-30,91.160004
2014-10-01,90.730003
2014-10-02,91.010002
2014-10-03,89.739998
2014-10-06,90.339996
2014-10-07,88.849998
2014-10-08,87.309998
2014-10-09,85.769997
2014-10-10,85.82
2014-10-13,85.739998
2014-10-14,81.839996
2014-10-15,81.779999
2014-10-16,82.699997
2014-10-17,82.75
2014-10-20,82.709999
2014-10-21,82.809998
2014-10-22,80.519997
2014-10-23,82.089996
2014-10-24,81.010002
2014-10-27,81
2014-10-28,81.419998
2014-10-29,82.199997
2014-10-30,81.120003
2014-10-31,80.540001
2014-11-03,78.779999
2014-11-04,77.190002
2014-11-05,78.68
2014-11-06,77.910004
2014-11-07,78.650002
2014-11-10,77.400002
2014-11-11,77.940002
2014-11-12,77.18
2014-11-13,74.209999
2014-11-14,75.82
2014-11-17,75.639999
2014-11-18,74.610001
2014-11-19,74.580002
2014-11-20,75.580002
2014-11-21,76.510002
2014-11-24,75.779999
2014-11-25,74.089996
2014-11-26,73.690002
2014-11-28,66.150002
2014-12-01,69
2014-12-02,66.879997
2014-12-03,67.379997
2014-12-04,66.809998
2014-12-05,65.839996
2014-12-08,63.049999
2014-12-09,63.82
2014-12-10,60.939999
2014-12-11,59.950001
2014-12-12,57.810001
2014-12-15,55.91
2014-12-16,55.93
2014-12-17,56.470001
2014-12-18,54.110001
2014-12-19,56.52
2014-12-22,55.259998
2014-12-23,57.119999
2014-12-24,55.84
2014-12-26,54.73
2014-12-29,53.610001
2014-12-30,54.119999
2014-12-31,53.27
2015-01-02,52.689999
2015-01-05,50.040001
2015-01-06,47.93
2015-01-07,48.650002
2015-01-08,48.790001
2015-01-09,48.360001
2015-01-12,46.07
2015-01-13,45.889999
2015-01-14,48.48
2015-01-15,46.25
2015-01-16,48.689999
2015-01-20,46.389999
2015-01-21,47.779999
2015-01-22,46.310001
2015-01-23,45.59
2015-01-26,45.150002
2015-01-27,46.23
2015-01-28,44.450001
2015-01-29,44.529999
2015-01-30,48.240002
2015-02-02,49.57
2015-02-03,53.049999
2015-02-04,48.450001
2015-02-05,50.48
2015-02-06,51.689999
2015-02-09,52.860001
2015-02-10,50.02
2015-02-11,48.84
2015-02-12,51.209999
2015-02-13,52.779999
2015-02-17,53.529999
2015-02-18,52.139999
2015-02-19,51.16
2015-02-20,50.34
2015-02-23,49.450001
2015-02-24,49.279999
2015-02-25,50.990002
2015-02-26,48.169998
2015-02-27,49.759998
2015-03-02,49.59
2015-03-03,50.52
2015-03-04,51.529999
2015-03-05,50.759998
2015-03-06,49.610001
2015-03-09,50
2015-03-10,48.290001
2015-03-11,48.169998
2015-03-12,47.049999
2015-03-13,44.84
2015-03-16,43.880001
2015-03-17,43.459999
2015-03-18,44.66
2015-03-19,43.959999
2015-03-20,45.720001
2015-03-23,47.450001
2015-03-24,47.509998
2015-03-25,49.209999
2015-03-26,51.43
2015-03-27,48.869999
2015-03-30,48.68
2015-03-31,47.599998
2015-04-01,50.09
2015-04-02,49.139999
2015-04-06,52.139999
2015-04-07,53.98
2015-04-08,50.419998
2015-04-09,50.790001
2015-04-10,51.639999
2015-04-13,51.91
2015-04-14,53.290001
2015-04-15,56.389999
2015-04-16,56.709999
2015-04-17,55.740002
2015-04-20,56.380001
2015-04-21,55.259998
2015-04-22,56.16
2015-04-23,57.740002
2015-04-24,57.150002
2015-04-27,56.990002
2015-04-28,57.060001
2015-04-29,58.580002
2015-04-30,59.630001
2015-05-01,59.150002
2015-05-04,58.93
2015-05-05,60.400002
2015-05-06,60.93
2015-05-07,58.939999
2015-05-08,59.389999
2015-05-11,59.25
2015-05-12,60.75
2015-05-13,60.5
2015-05-14,59.880001
2015-05-15,59.689999
2015-05-18,59.43
2015-05-19,57.259998
2015-05-20,58.98
2015-05-21,60.720001
2015-05-22,59.720001
2015-05-26,58.029999
2015-05-27,57.509998
2015-05-28,57.68
2015-05-29,60.299999
2015-06-01,60.200001
2015-06-02,61.259998
2015-06-03,59.639999
2015-06-04,58
2015-06-05,59.130001
2015-06-08,58.139999
2015-06-09,60.139999
2015-06-10,61.43
2015-06-11,60.77
2015-06-12,59.959999
2015-06-15,59.52
2015-06-16,59.970001
2015-06-17,59.919998
2015-06-18,60.450001
2015-06-19,59.610001
2015-06-22,59.68
2015-06-23,61.009998
2015-06-24,60.27
2015-06-25,59.700001
2015-06-26,59.630001
2015-06-29,58.330002
2015-06-30,59.470001
2015-07-01,56.959999
2015-07-02,56.93
2015-07-06,52.529999
2015-07-07,52.330002
2015-07-08,51.650002
2015-07-09,52.779999
2015-07-10,52.740002
2015-07-13,52.200001
2015-07-14,53.040001
2015-07-15,51.41
2015-07-16,50.91
2015-07-17,50.889999
2015-07-20,50.150002
2015-07-21,50.360001
2015-07-22,49.189999
2015-07-23,48.450001
2015-07-24,48.139999
2015-07-27,47.389999
2015-07-28,47.98
2015-07-29,48.790001
2015-07-30,48.52
2015-07-31,47.119999
2015-08-03,45.169998
2015-08-04,45.740002
2015-08-05,45.150002
2015-08-06,44.66
2015-08-07,43.869999
2015-08-10,44.959999
2015-08-11,43.080002
2015-08-12,43.299999
2015-08-13,42.23
2015-08-14,42.5
2015-08-17,41.869999
2015-08-18,42.619999
2015-08-19,40.799999
2015-08-20,41.139999
2015-08-21,40.450001
2015-08-24,38.240002
2015-08-25,39.310001
2015-08-26,38.599998
2015-08-27,42.560001
2015-08-28,45.220001
2015-08-31,49.200001
2015-09-01,45.41
2015-09-02,46.25
2015-09-03,46.75
2015-09-04,46.049999
2015-09-08,45.939999
2015-09-09,44.150002
2015-09-10,45.919998
2015-09-11,44.630001
2015-09-14,44
2015-09-15,44.59
2015-09-16,47.150002
2015-09-17,46.900002
2015-09-18,44.68
2015-09-21,46.68
2015-09-22,45.830002
2015-09-23,44.48
2015-09-24,44.91
2015-09-25,45.700001
2015-09-28,44.43
2015-09-29,45.23
2015-09-30,45.09
2015-10-01,44.740002
2015-10-02,45.540001
2015-10-05,46.259998
2015-10-06,48.529999
2015-10-07,47.810001
2015-10-08,49.43
2015-10-09,49.630001
2015-10-12,47.099998
2015-10-13,46.66
2015-10-14,46.639999
2015-10-15,46.380001
2015-10-16,47.259998
2015-10-19,45.889999
2015-10-20,45.549999
2015-10-21,45.200001
2015-10-22,45.380001
2015-10-23,44.599998
2015-10-26,43.98
2015-10-27,43.200001
2015-10-28,45.939999
2015-10-29,46.060001
2015-10-30,46.59
2015-11-02,46.139999
2015-11-03,47.900002
2015-11-04,46.32
2015-11-05,45.200001
2015-11-06,44.290001
2015-11-09,43.869999
2015-11-10,44.209999
2015-11-11,42.93
2015-11-12,41.75
2015-11-13,40.740002
2015-11-16,41.740002
2015-11-17,40.669998
2015-11-18,40.75
2015-11-19,40.540001
2015-11-20,40.389999
2015-11-23,41.75
2015-11-24,42.869999
2015-11-25,43.040001
2015-11-27,41.709999
2015-11-30,41.650002
2015-12-01,41.849998
2015-12-02,39.939999
2015-12-03,41.080002
2015-12-04,39.970001
2015-12-07,37.650002
2015-12-08,37.509998
2015-12-09,37.16
2015-12-10,36.759998
2015-12-11,35.619999
2015-12-14,36.310001
2015-12-15,37.349998
2015-12-16,35.52
2015-12-17,34.950001
2015-12-18,34.73
2015-12-21,34.740002
2015-12-22,36.139999
2015-12-23,37.5
2015-12-24,38.099998
2015-12-28,36.810001
2015-12-29,37.869999
2015-12-30,36.599998
2015-12-31,37.040001
2016-01-04,36.759998
2016-01-05,35.970001
2016-01-06,33.970001
2016-01-07,33.27
2016-01-08,33.16
2016-01-11,31.41
2016-01-12,30.440001
2016-01-13,30.48
2016-01-14,31.200001
2016-01-15,29.42
2016-01-19,28.459999
2016-01-20,26.549999
2016-01-21,29.530001
2016-01-22,32.189999
2016-01-25,30.34
2016-01-26,31.450001
2016-01-27,32.299999
2016-01-28,33.220001
2016-01-29,33.619999
2016-02-01,31.620001
2016-02-02,29.879999
2016-02-03,32.279999
2016-02-04,31.719999
2016-02-05,30.889999
2016-02-08,29.690001
2016-02-09,27.940001
2016-02-10,27.450001
2016-02-11,26.209999
2016-02-12,29.440001
2016-02-16,29.040001
2016-02-17,30.66
2016-02-18,30.77
2016-02-19,29.639999
2016-02-22,31.48
2016-02-23,31.870001
2016-02-24,32.150002
2016-02-25,33.07
2016-02-26,32.779999
2016-02-29,33.75
2016-03-01,34.400002
2016-03-02,34.66
2016-03-03,34.57
2016-03-04,35.919998
2016-03-07,37.900002
2016-03-08,36.5
2016-03-09,38.290001
2016-03-10,37.84
2016-03-11,38.5
2016-03-14,37.18
2016-03-15,36.34
2016-03-16,38.459999
2016-03-17,40.200001
2016-03-18,39.439999
2016-03-21,39.91
2016-03-22,41.450001
2016-03-23,39.790001
2016-03-24,39.459999
2016-03-28,39.389999
2016-03-29,38.279999
2016-03-30,38.32
2016-03-31,38.34
2016-04-01,36.790001
2016-04-04,35.700001
2016-04-05,35.889999
2016-04-06,37.75
2016-04-07,37.259998
2016-04-08,39.720001
2016-04-11,40.360001
2016-04-12,42.169998
2016-04-13,41.759998
2016-04-14,41.5
2016-04-15,40.360001
2016-04-18,39.779999
2016-04-19,41.080002
2016-04-20,42.630001
2016-04-21,43.18
2016-04-22,43.73
2016-04-25,42.639999
2016-04-26,44.040001
2016-04-27,45.330002
2016-04-28,46.029999
2016-04-29,45.919998
2016-05-02,44.779999
2016-05-03,43.650002
2016-05-04,43.779999
2016-05-05,44.32
2016-05-06,44.66
2016-05-09,43.439999
2016-05-10,44.66
2016-05-11,46.23
2016-05-12,46.700001
2016-05-13,46.209999
2016-05-16,47.720001
2016-05-17,48.310001
2016-05-18,48.189999
2016-05-19,48.16
2016-05-20,47.75
2016-05-23,48.080002
2016-05-24,48.619999
2016-05-25,49.560001
2016-05-26,49.48
2016-05-27,49.330002
2016-05-31,49.099998
2016-06-01,49.009998
2016-06-02,49.169998
2016-06-03,48.619999
2016-06-06,49.689999
2016-06-07,50.360001
2016-06-08,51.23
2016-06-09,50.560001
2016-06-10,49.07
2016-06-13,48.880001
2016-06-14,48.490002
2016-06-15,48.009998
2016-06-16,46.209999
2016-06-17,47.98
2016-06-20,49.369999
2016-06-21,48.849998
2016-06-22,49.130001
2016-06-23,50.110001
2016-06-24,47.639999
2016-06-27,46.330002
2016-06-28,47.849998
2016-06-29,49.880001
2016-06-30,48.330002
2016-07-01,48.990002
2016-07-05,46.599998
2016-07-06,47.43
2016-07-07,45.139999
2016-07-08,45.41
2016-07-11,44.759998
2016-07-12,46.799999
2016-07-13,44.75
2016-07-14,45.68
2016-07-15,45.950001
2016-07-18,45.240002
2016-07-19,44.650002
2016-07-20,44.939999
2016-07-21,44.75
2016-07-22,44.189999
2016-07-25,43.130001
2016-07-26,42.919998
2016-07-27,41.919998
2016-07-28,41.139999
2016-07-29,41.599998
2016-08-01,40.060001
2016-08-02,39.509998
2016-08-03,40.830002
2016-08-04,41.93
2016-08-05,41.799999
2016-08-08,43.02
2016-08-09,42.77
2016-08-10,41.709999
2016-08-11,43.490002
2016-08-12,44.490002
2016-08-15,45.740002
2016-08-16,46.580002
2016-08-17,46.790001
2016-08-18,48.220001
2016-08-19,48.52
2016-08-22,47.049999
2016-08-23,48.099998
2016-08-24,46.77
2016-08-25,47.330002
2016-08-26,47.639999
2016-08-29,46.98
2016-08-30,46.349998
2016-08-31,44.700001
2016-09-01,43.16
2016-09-02,44.439999
2016-09-06,44.830002
2016-09-07,45.5
2016-09-08,47.619999
2016-09-09,45.880001
2016-09-12,46.290001
2016-09-13,44.900002
2016-09-14,43.580002
2016-09-15,43.91
2016-09-16,43.029999
2016-09-19,43.299999
2016-09-20,43.439999
2016-09-21,45.34
2016-09-22,46.32
2016-09-23,44.48
2016-09-26,45.93
2016-09-27,44.669998
2016-09-28,47.049999
2016-09-29,47.830002
2016-09-30,48.240002
2016-10-03,48.810001
2016-10-04,48.689999
2016-10-05,49.830002
2016-10-06,50.439999
2016-10-07,49.810001
2016-10-11,50.790001
2016-10-12,50.18
2016-10-13,50.439999
2016-10-14,50.349998
2016-10-17,49.939999
2016-10-18,50.290001
2016-10-19,51.599998
2016-10-20,50.43
2016-10-21,50.849998
2016-10-24,50.52
2016-10-25,49.959999
2016-10-26,49.18
2016-10-27,49.720001
2016-10-28,48.700001
2016-10-31,46.860001
2016-11-01,46.669998
2016-11-02,45.34
2016-11-03,44.66
2016-11-04,44.07
2016-11-07,44.889999
2016-11-08,44.98
2016-11-09,45.27
2016-11-10,44.66
2016-11-14,43.32
2016-11-15,45.810001
2016-11-16,45.57
2016-11-17,45.419998
2016-11-18,45.689999
2016-11-21,47.490002
2016-11-22,48.029999
2016-11-23,47.959999
2016-11-25,46.060001
2016-11-28,47.080002
2016-11-29,45.23
2016-11-30,49.439999
2016-12-01,51.060001
2016-12-02,51.68
2016-12-05,51.790001
2016-12-06,50.93
2016-12-07,49.77
2016-12-08,50.84
2016-12-09,51.5
2016-12-12,52.830002
2016-12-13,52.98
2016-12-14,51.040001
2016-12-15,50.900002
2016-12-16,51.900002
2016-12-19,52.119999
2016-12-20,52.23
2016-12-21,52.490002
2016-12-22,52.950001
2016-12-23,53.02
2016-12-27,53.900002
2016-12-28,54.060001
2016-12-29,53.77
2016-12-30,53.720001
2017-01-03,52.330002
2017-01-04,53.259998
2017-01-05,53.759998
2017-01-06,53.990002
2017-01-09,51.959999
2017-01-10,50.82
2017-01-11,52.25
2017-01-12,53.009998
2017-01-13,52.369999
2017-01-17,52.48
2017-01-18,51.080002
2017-01-19,51.369999
2017-01-20,52.419998
2017-01-23,52.75
2017-01-24,53.18
2017-01-25,52.75
2017-01-26,53.779999
2017-01-27,53.169998
2017-01-30,52.630001
2017-01-31,52.810001
2017-02-01,53.880001
2017-02-02,53.540001
2017-02-03,53.830002
2017-02-06,53.009998
2017-02-07,52.169998
2017-02-08,52.34
2017-02-09,53
2017-02-10,53.860001
2017-02-13,52.93
2017-02-14,53.200001
2017-02-15,53.110001
2017-02-16,53.360001
2017-02-17,53.400002
2017-02-21,54.060001
2017-02-22,53.59
2017-02-23,54.450001
2017-02-24,53.990002
2017-02-27,54.049999
2017-02-28,54.009998
2017-03-01,53.830002
2017-03-02,52.610001
2017-03-03,53.330002
2017-03-06,53.200001
2017-03-07,53.139999
2017-03-08,50.279999
2017-03-09,49.279999
2017-03-10,48.490002
2017-03-13,48.400002
2017-03-14,47.720001
2017-03-15,48.860001
2017-03-16,48.75
2017-03-17,48.779999
2017-03-20,48.220001
2017-03-21,47.34
2017-03-22,48.040001
2017-03-23,47.700001
2017-03-24,47.970001
2017-03-27,47.73
2017-03-28,48.369999
2017-03-29,49.509998
2017-03-30,50.349998
2017-03-31,50.599998
2017-04-03,50.240002
2017-04-04,51.029999
2017-04-05,51.150002
2017-04-06,51.700001
2017-04-07,52.240002
2017-04-10,53.080002
2017-04-11,53.400002
2017-04-12,53.110001
2017-04-13,53.18
2017-04-17,52.650002
2017-04-18,52.41
2017-04-19,50.439999
2017-04-20,50.27
2017-04-21,49.619999
2017-04-24,49.23
2017-04-25,49.560001
2017-04-26,49.619999
2017-04-27,48.970001
2017-04-28,49.330002
2017-05-01,48.84
2017-05-02,47.66
2017-05-03,47.82
2017-05-04,45.52
2017-05-05,46.220001
2017-05-08,46.43
2017-05-09,45.880001
2017-05-10,47.330002
2017-05-11,47.830002
2017-05-12,47.84
2017-05-15,48.849998
2017-05-16,48.66
2017-05-17,49.07
2017-05-18,49.349998
2017-05-19,50.330002
2017-05-22,50.73
2017-05-23,51.470001
2017-05-24,51.360001
2017-05-25,48.900002
2017-05-26,49.799999
2017-05-30,49.66
2017-05-31,48.32
2017-06-01,48.360001
2017-06-02,47.66
2017-06-05,47.400002
2017-06-06,48.189999
2017-06-07,45.720001
2017-06-08,45.639999
2017-06-09,45.830002
2017-06-12,46.080002
2017-06-13,46.459999
2017-06-14,44.73
2017-06-15,44.459999
2017-06-16,44.740002
2017-06-19,44.200001
2017-06-20,43.23
2017-06-21,42.529999
2017-06-22,42.740002
2017-06-23,43.009998
2017-06-26,43.380001
2017-06-27,44.240002
2017-06-28,44.740002
2017-06-29,44.93
2017-06-30,46.040001
2017-07-03,47.07
2017-07-05,45.130001
2017-07-06,45.52
2017-07-07,44.23
2017-07-10,44.400002
2017-07-11,45.040001
2017-07-12,45.490002
2017-07-13,46.080002
2017-07-14,46.540001
2017-07-17,46.02
2017-07-18,46.400002
2017-07-19,47.119999
2017-07-20,46.790001
2017-07-21,45.77
2017-07-24,46.34
2017-07-25,47.889999
2017-07-26,48.75
2017-07-27,49.040001
2017-07-28,49.709999
2017-07-31,50.169998
2017-08-01,49.16
2017-08-02,49.59
2017-08-03,49.029999
2017-08-04,49.580002
2017-08-07,49.389999
2017-08-08,49.169998
2017-08-09,49.560001
2017-08-10,48.59
2017-08-11,48.82
2017-08-14,47.59
2017-08-15,47.549999
2017-08-16,46.779999
2017-08-17,47.09
2017-08-18,48.509998
2017-08-21,47.369999
2017-08-22,47.639999
2017-08-23,48.41
2017-08-24,47.43
2017-08-25,47.869999
2017-08-28,46.57
2017-08-29,46.439999
2017-08-30,45.959999
2017-08-31,47.23
2017-09-01,47.290001
2017-09-05,48.66
2017-09-06,49.16
2017-09-07,49.09
2017-09-08,47.48
2017-09-11,48.07
2017-09-12,48.23
2017-09-13,49.299999
2017-09-14,49.889999
2017-09-15,49.889999
2017-09-18,49.91
2017-09-19,49.48
2017-09-20,50.41
2017-09-21,50.549999
2017-09-22,50.66
2017-09-25,52.220001
2017-09-26,51.880001
2017-09-27,52.139999
2017-09-28,51.560001
2017-09-29,51.669998
2017-10-02,50.580002
2017-10-03,50.419998
2017-10-04,49.98
2017-10-05,50.790001
2017-10-06,49.290001
2017-10-09,49.580002
2017-10-10,50.919998
2017-10-11,51.299999
2017-10-12,50.599998
2017-10-13,51.450001
2017-10-16,51.869999
2017-10-17,51.880001
2017-10-18,52.040001
2017-10-19,51.290001
2017-10-20,51.470001
2017-10-23,51.900002
2017-10-24,52.470001
2017-10-25,52.18
2017-10-26,52.639999
2017-10-27,53.900002
2017-10-30,54.150002
2017-10-31,54.380001
2017-11-01,54.299999
2017-11-02,54.540001
2017-11-03,55.639999
2017-11-06,57.349998
2017-11-07,57.200001
2017-11-08,56.810001
2017-11-09,57.169998
2017-11-10,56.740002
2017-11-13,56.759998
2017-11-14,55.700001
2017-11-15,55.330002
2017-11-16,55.139999
2017-11-17,56.549999
2017-11-20,56.09
2017-11-21,56.830002
2017-11-22,58.02
2017-11-24,58.950001
2017-11-27,58.110001
2017-11-28,57.990002
2017-11-29,57.299999
2017-11-30,57.400002
2017-12-01,58.360001
2017-12-04,57.470001
2017-12-05,57.619999
2017-12-06,55.959999
2017-12-07,56.689999
2017-12-08,57.360001
2017-12-11,57.990002
2017-12-12,57.139999
2017-12-13,56.599998
2017-12-14,57.040001
2017-12-15,57.299999
2017-12-18,57.16
2017-12-19,57.459999
2017-12-20,58.09
2017-12-21,58.360001
2017-12-22,58.470001
2017-12-26,59.970001
2017-12-27,59.639999
2017-12-28,59.84
2017-12-29,60.419998
2018-01-02,60.369999
2018-01-03,61.630001
2018-01-04,62.009998
2018-01-05,61.439999
2018-01-08,61.73
2018-01-09,62.959999
2018-01-10,63.57
2018-01-11,63.799999
2018-01-12,64.300003
2018-01-16,63.73
2018-01-17,63.970001
2018-01-18,63.950001
2018-01-19,63.369999
2018-01-22,63.490002
2018-01-23,64.470001
2018-01-24,65.610001
2018-01-25,65.510002
2018-01-26,66.139999
2018-01-29,65.559998
2018-01-30,64.5
2018-01-31,64.730003
2018-02-01,65.800003
2018-02-02,65.449997
2018-02-05,64.150002
2018-02-06,63.389999
2018-02-07,61.790001
2018-02-08,61.150002
2018-02-09,59.200001
2018-02-12,59.290001
2018-02-13,59.189999
2018-02-14,60.599998
2018-02-15,61.34
2018-02-16,61.68
2018-02-20,61.900002
2018-02-21,61.68
2018-02-22,62.77
2018-02-23,63.549999
2018-02-26,63.91
2018-02-27,63.009998
2018-02-28,61.639999
2018-03-01,60.990002
2018-03-02,61.25
2018-03-05,62.57
2018-03-06,62.599998
2018-03-07,61.150002
2018-03-08,60.119999
2018-03-09,62.040001
2018-03-12,61.360001
2018-03-13,60.709999
2018-03-14,60.959999
2018-03-15,61.189999
2018-03-16,62.34
2018-03-19,62.060001
2018-03-20,63.400002
2018-03-21,65.169998
2018-03-22,64.300003
2018-03-23,65.879997
2018-03-26,65.550003
2018-03-27,65.25
2018-03-28,64.379997
2018-03-29,64.940002
2018-04-02,63.009998
2018-04-03,63.509998
2018-04-04,63.369999
2018-04-05,63.540001
2018-04-06,62.060001
2018-04-09,63.419998
2018-04-10,65.510002
2018-04-11,66.82
2018-04-12,67.07
2018-04-13,67.389999
2018-04-16,66.220001
2018-04-17,66.519997
2018-04-18,68.470001
2018-04-19,68.290001
2018-04-20,68.379997
2018-04-23,68.639999
2018-04-24,67.699997
2018-04-25,68.050003
2018-04-26,68.190002
2018-04-27,68.099998
2018-04-30,68.57
2018-05-01,67.25
2018-05-02,67.93
2018-05-03,68.43
2018-05-04,69.720001
2018-05-07,70.730003
2018-05-08,69.059998
2018-05-09,71.139999
2018-05-10,71.360001
2018-05-11,70.699997
2018-05-14,70.959999
2018-05-15,71.309998
2018-05-16,71.489998
2018-05-17,71.489998
2018-05-18,71.279999
2018-05-21,72.239998
2018-05-22,72.129997
2018-05-23,71.839996
2018-05-24,70.709999
2018-05-25,67.879997
2018-05-29,66.730003
2018-05-30,68.209999
2018-05-31,67.040001
2018-06-01,65.809998
2018-06-04,64.75
2018-06-05,65.519997
2018-06-06,64.730003
2018-06-07,65.949997
2018-06-08,65.739998
2018-06-11,66.099998
2018-06-12,66.360001
2018-06-13,66.639999
2018-06-14,66.889999
2018-06-15,65.059998
2018-06-18,65.849998
2018-06-19,65.07
2018-06-20,66.220001
2018-06-21,65.540001
2018-06-22,68.580002
2018-06-25,68.080002
2018-06-26,70.529999
2018-06-27,72.760002
2018-06-28,73.449997
2018-06-29,74.150002
2018-07-02,73.940002
2018-07-03,74.139999
2018-07-05,72.940002
2018-07-06,73.800003
2018-07-09,73.849998
2018-07-10,74.110001
2018-07-11,70.379997
2018-07-12,70.330002
2018-07-13,71.010002
2018-07-16,68.059998
2018-07-17,68.080002
2018-07-18,68.760002
2018-07-19,69.459999
2018-07-20,70.459999
2018-07-23,67.889999
2018-07-24,68.519997
2018-07-25,69.300003
2018-07-26,69.610001
2018-07-27,68.690002
2018-07-30,70.129997
2018-07-31,68.760002
2018-08-01,67.660004
2018-08-02,68.959999
2018-08-03,68.489998
2018-08-06,69.010002
2018-08-07,69.169998
2018-08-08,66.940002
2018-08-09,66.809998
2018-08-10,67.629997
2018-08-13,67.199997
2018-08-14,67.040001
2018-08-15,65.010002
2018-08-16,65.459999
2018-08-17,65.910004
2018-08-20,66.43
2018-08-21,67.349998
2018-08-22,67.860001
2018-08-23,67.830002
2018-08-24,68.720001
2018-08-27,68.870003
2018-08-28,68.529999
2018-08-29,69.510002
2018-08-30,70.25
2018-08-31,69.800003
2018-09-04,69.870003
2018-09-05,68.720001
2018-09-06,67.769997
2018-09-07,67.75
2018-09-10,67.540001
2018-09-11,69.25
2018-09-12,70.370003
2018-09-13,68.589996
2018-09-14,68.989998
2018-09-17,68.910004
2018-09-18,69.849998
2018-09-19,71.120003
2018-09-20,70.800003
2018-09-21,70.779999
2018-09-24,72.080002
2018-09-25,72.279999
2018-09-26,71.57
2018-09-27,72.120003
2018-09-28,73.25
2018-10-01,75.300003
2018-10-02,75.230003
2018-10-03,76.410004
2018-10-04,74.330002
2018-10-05,74.339996
2018-10-08,74.290001
2018-10-09,74.959999
2018-10-10,73.169998
2018-10-11,70.970001
2018-10-12,71.339996
2018-10-15,71.779999
2018-10-16,71.919998
2018-10-17,69.75
2018-10-18,68.650002
2018-10-19,69.120003
2018-10-22,69.169998
2018-10-23,66.43
2018-10-24,66.82
2018-10-25,67.330002
2018-10-26,67.589996
2018-10-29,67.040001
2018-10-30,66.18
2018-10-31,65.309998
2018-11-01,63.689999
2018-11-02,63.139999
2018-11-05,63.099998
2018-11-06,62.209999
2018-11-07,61.669998
2018-11-08,60.669998
2018-11-09,60.189999
2018-11-12,59.93
2018-11-13,55.689999
2018-11-14,56.25
2018-11-15,56.459999
2018-11-16,56.459999
2018-11-19,56.759998
2018-11-20,53.43
2018-11-21,54.630001
2018-11-23,50.419998
2018-11-26,51.630001
2018-11-27,51.560001
2018-11-28,50.290001
2018-11-29,51.450001
2018-11-30,50.93
2018-12-03,52.950001
2018-12-04,53.25
2018-12-06,51.490002
2018-12-07,52.610001
2018-12-10,51
2018-12-11,51.650002
2018-12-12,51.150002
2018-12-13,52.580002
2018-12-14,51.200001
2018-12-17,49.880001
2018-12-18,46.240002
2018-12-19,47.200001
2018-12-20,45.880001
2018-12-21,45.59
2018-12-24,42.529999
2018-12-26,46.220001
2018-12-27,44.610001
2018-12-28,45.330002
2018-12-31,45.41
2019-01-02,46.540001
2019-01-03,47.09
2019-01-04,47.959999
2019-01-07,48.52
2019-01-08,49.779999
2019-01-09,52.360001
2019-01-10,52.59
2019-01-11,51.59
2019-01-14,50.509998
2019-01-15,52.110001
2019-01-16,52.310001
2019-01-17,52.07
2019-01-18,53.799999
2019-01-22,52.57
2019-01-23,52.619999
2019-01-24,53.130001
2019-01-25,53.689999
2019-01-28,51.990002
2019-01-29,53.310001
2019-01-30,54.23
2019-01-31,53.790001
2019-02-01,55.259998
2019-02-04,54.560001
2019-02-05,53.66
2019-02-06,54.009998
2019-02-07,52.639999
2019-02-08,52.720001
2019-02-11,52.41
2019-02-12,53.099998
2019-02-13,53.900002
2019-02-14,54.41
2019-02-15,55.59
2019-02-19,56.09
2019-02-20,56.919998
2019-02-21,56.959999
2019-02-22,57.259998
2019-02-25,55.48
2019-02-26,55.5
2019-02-27,56.939999
2019-02-28,57.220001
2019-03-01,55.799999
2019-03-04,56.59
2019-03-05,56.560001
2019-03-06,56.220001
2019-03-07,56.66
2019-03-08,56.07
2019-03-11,56.790001
2019-03-12,56.869999
2019-03-13,58.259998
2019-03-14,58.610001
2019-03-15,58.52
2019-03-18,59.09
2019-03-19,59.029999
2019-03-20,59.830002
2019-03-21,59.98
2019-03-22,59.040001
2019-03-25,58.82
2019-03-26,59.939999
2019-03-27,59.41
2019-03-28,59.299999
2019-03-29,60.139999
2019-04-01,61.59
2019-04-02,62.580002
2019-04-03,62.459999
2019-04-04,62.099998
2019-04-05,63.080002
2019-04-08,64.400002
2019-04-09,63.98
2019-04-10,64.610001
2019-04-11,63.580002
2019-04-12,63.889999
2019-04-15,63.400002
2019-04-16,64.050003
2019-04-17,63.759998
2019-04-18,64
2019-04-22,65.699997
2019-04-23,66.300003
2019-04-24,65.889999
2019-04-25,65.209999
2019-04-26,63.299999
2019-04-29,63.5
2019-04-30,63.91
2019-05-01,63.599998
2019-05-02,61.810001
2019-05-03,61.939999
2019-05-06,62.25
2019-05-07,61.400002
2019-05-08,62.119999
2019-05-09,61.700001
2019-05-10,61.66
2019-05-13,61.040001
2019-05-14,61.779999
2019-05-15,62.02
2019-05-16,62.869999
2019-05-17,62.759998
2019-05-20,63.099998
2019-05-21,62.990002
2019-05-22,61.419998
2019-05-23,57.91
2019-05-24,58.630001
2019-05-28,59.139999
2019-05-29,58.810001
2019-05-30,56.59
2019-05-31,53.5
2019-06-03,53.25
2019-06-04,53.48
2019-06-05,51.68
2019-06-06,52.59
2019-06-07,53.990002
2019-06-10,53.259998
2019-06-11,53.27
2019-06-12,51.139999
2019-06-13,52.279999
2019-06-14,52.509998
2019-06-17,51.93
2019-06-18,53.900002
2019-06-19,53.759998
2019-06-20,56.650002
2019-06-21,57.43
2019-06-24,57.900002
2019-06-25,57.830002
2019-06-26,59.380001
2019-06-27,59.43
2019-06-28,58.470001
2019-07-01,59.09
2019-07-02,56.25
2019-07-03,57.34
2019-07-05,57.509998
2019-07-08,57.66
2019-07-09,57.830002
2019-07-10,60.43
2019-07-11,60.200001
2019-07-12,60.209999
2019-07-15,59.580002
2019-07-16,57.619999
2019-07-17,56.779999
2019-07-18,55.299999
2019-07-19,55.630001
2019-07-22,56.220001
2019-07-23,56.77
2019-07-24,55.880001
2019-07-25,56.02
2019-07-26,56.200001
2019-07-29,56.869999
2019-07-30,58.049999
2019-07-31,58.580002
2019-08-01,53.950001
2019-08-02,55.66
2019-08-05,54.689999
2019-08-06,53.630001
2019-08-07,51.09
2019-08-08,52.540001
2019-08-09,54.5
2019-08-12,54.93
2019-08-13,57.099998
2019-08-14,55.23
2019-08-15,54.470001
2019-08-16,54.869999
2019-08-19,56.209999
2019-08-20,56.34
2019-08-21,55.68
2019-08-22,55.349998
2019-08-23,54.169998
2019-08-26,53.639999
2019-08-27,54.93
2019-08-28,55.779999
2019-08-29,56.709999
2019-08-30,55.099998
2019-09-03,53.939999
2019-09-04,56.259998
2019-09-05,56.299999
2019-09-06,56.52
2019-09-09,57.849998
2019-09-10,57.400002
2019-09-11,55.75
2019-09-12,55.09
2019-09-13,54.849998
2019-09-16,62.900002
2019-09-17,59.34
2019-09-18,58.110001
2019-09-19,58.130001
2019-09-20,58.09
2019-09-23,58.639999
2019-09-24,57.290001
2019-09-25,56.490002
2019-09-26,56.41
2019-09-27,55.91
2019-09-30,54.07
2019-10-01,53.619999
2019-10-02,52.639999
2019-10-03,52.450001
2019-10-04,52.810001
2019-10-07,52.75
2019-10-08,52.630001
2019-10-09,52.59
2019-10-10,53.549999
2019-10-11,54.700001
2019-10-14,53.59
2019-10-15,52.810001
2019-10-16,53.360001
2019-10-17,53.93
2019-10-18,53.779999
2019-10-21,53.310001
2019-10-22,54.16
2019-10-23,55.970001
2019-10-24,56.23
2019-10-25,56.66
2019-10-28,55.810001
2019-10-29,55.540001
2019-10-30,55.060001
2019-10-31,54.18
2019-11-01,56.200001
2019-11-04,56.540001
2019-11-05,57.23
2019-11-06,56.349998
2019-11-07,57.150002
2019-11-08,57.240002
2019-11-11,56.860001
2019-11-12,56.799999
2019-11-13,57.119999
2019-11-14,56.77
2019-11-15,57.720001
2019-11-18,57.049999
2019-11-19,55.209999
2019-11-20,57.110001
2019-11-21,58.580002
2019-11-22,57.77
2019-11-25,58.009998
2019-11-26,58.41
2019-11-27,58.110001
2019-11-29,55.169998
2019-12-02,55.959999
2019-12-03,56.099998
2019-12-04,58.43
2019-12-05,58.43
2019-12-06,59.200001
2019-12-09,59.02
2019-12-10,59.240002
2019-12-11,58.759998
2019-12-12,59.18
2019-12-13,60.07
2019-12-16,60.209999
2019-12-17,60.939999
2019-12-18,60.93
2019-12-19,61.220001
2019-12-20,60.439999
2019-12-23,60.52
2019-12-24,61.110001
2019-12-26,61.68
2019-12-27,61.720001
2019-12-30,61.68
2019-12-31,61.060001
2020-01-02,61.18
2020-01-03,63.049999
2020-01-06,63.27
2020-01-07,62.700001
2020-01-08,59.610001
2020-01-09,59.560001
2020-01-10,59.040001
2020-01-13,58.080002
2020-01-14,58.23
2020-01-15,57.810001
2020-01-16,58.52
2020-01-17,58.540001
2020-01-21,58.34
2020-01-22,56.740002
2020-01-23,55.59
2020-01-24,54.189999
2020-01-27,53.139999
2020-01-28,53.48
2020-01-29,53.330002
2020-01-30,52.139999
2020-01-31,51.560001
2020-02-03,50.110001
2020-02-04,49.610001
2020-02-05,50.75
2020-02-06,50.950001
2020-02-07,50.32
2020-02-10,49.57
2020-02-11,49.939999
2020-02-12,51.169998
2020-02-13,51.419998
2020-02-14,52.049999
2020-02-18,52.049999
2020-02-19,53.290001
2020-02-20,53.779999
2020-02-21,53.380001
2020-02-24,51.43
2020-02-25,49.900002
2020-02-26,48.73
2020-02-27,47.09
2020-02-28,44.759998
2020-03-02,46.75
2020-03-03,47.18
2020-03-04,46.779999
2020-03-05,45.900002
2020-03-06,41.279999
2020-03-09,31.129999
2020-03-10,34.360001
2020-03-11,32.98
2020-03-12,31.5
2020-03-13,31.73
2020-03-16,28.700001
2020-03-17,26.950001
2020-03-18,20.370001
2020-03-19,25.219999
2020-03-20,22.43
2020-03-23,23.360001
2020-03-24,24.01
2020-03-25,24.49
2020-03-26,22.6
2020-03-27,21.51
2020-03-30,20.09
2020-03-31,20.48
2020-04-01,20.309999
2020-04-02,25.32
2020-04-03,28.34
2020-04-06,26.08
2020-04-07,23.629999
2020-04-08,25.09
2020-04-09,22.76
2020-04-13,22.41
2020-04-14,20.110001
2020-04-15,19.870001
2020-04-16,19.870001
2020-04-17,18.27
2020-04-20,-37.630001
2020-04-21,10.01
2020-04-22,13.78
2020-04-23,16.5
2020-04-24,16.940001
2020-04-27,12.78
2020-04-28,12.34
2020-04-29,15.06
2020-04-30,18.84
2020-05-01,19.780001
2020-05-04,20.389999
2020-05-05,24.559999
2020-05-06,23.99
2020-05-07,23.549999
2020-05-08,24.74
2020-05-11,24.139999
2020-05-12,25.780001
2020-05-13,25.290001
2020-05-14,27.559999
2020-05-15,29.43
2020-05-18,31.82
2020-05-19,32.5
2020-05-20,33.490002
2020-05-21,33.919998
2020-05-22,33.25
2020-05-26,34.349998
2020-05-27,32.810001
2020-05-28,33.709999
2020-05-29,35.490002
2020-06-01,35.439999
2020-06-02,36.810001
2020-06-03,37.290001
2020-06-04,37.41
2020-06-05,39.549999
2020-06-08,38.189999
2020-06-09,38.939999
2020-06-10,39.599998
2020-06-11,36.34
2020-06-12,36.259998
2020-06-15,37.119999
2020-06-16,38.380001
2020-06-17,37.959999
2020-06-18,38.84
2020-06-19,39.75
2020-06-22,40.459999
2020-06-23,40.369999
2020-06-24,38.009998
2020-06-25,38.720001
2020-06-26,38.490002
2020-06-29,39.700001
2020-06-30,39.27
2020-07-01,39.82
2020-07-02,40.650002
2020-07-06,40.630001
2020-07-07,40.619999
2020-07-08,40.900002
2020-07-09,39.619999
2020-07-10,40.549999
2020-07-13,40.099998
2020-07-14,40.290001
2020-07-15,41.200001
2020-07-16,40.75
2020-07-17,40.59
2020-07-20,40.810001
2020-07-21,41.959999
2020-07-22,41.900002
2020-07-23,41.07
2020-07-24,41.290001
2020-07-27,41.599998
2020-07-28,41.040001
2020-07-29,41.27
2020-07-30,39.919998
2020-07-31,40.27
2020-08-03,41.009998
2020-08-04,41.700001
2020-08-05,42.189999
2020-08-06,41.950001
2020-08-07,41.220001
2020-08-10,41.939999
2020-08-11,41.610001
2020-08-12,42.669998
2020-08-13,42.240002
2020-08-14,42.009998
2020-08-17,42.889999
2020-08-18,42.889999
2020-08-19,42.93
2020-08-20,42.580002
2020-08-21,42.34
2020-08-24,42.619999
2020-08-25,43.349998
2020-08-26,43.389999
2020-08-27,43.040001
2020-08-28,42.970001
2020-08-31,42.610001
2020-09-01,42.759998
2020-09-02,41.509998
2020-09-03,41.369999
2020-09-04,39.77
2020-09-08,36.759998
2020-09-09,38.049999
2020-09-10,37.299999
2020-09-11,37.330002
2020-09-14,37.259998
2020-09-15,38.279999
2020-09-16,40.16
2020-09-17,40.970001
2020-09-18,41.110001
2020-09-21,39.310001
2020-09-22,39.599998
2020-09-23,39.93
2020-09-24,40.310001
2020-09-25,40.25
2020-09-28,40.599998
2020-09-29,39.290001
2020-09-30,40.220001
2020-10-01,38.720001
2020-10-02,37.049999
2020-10-05,39.220001
2020-10-06,40.669998
2020-10-07,39.950001
2020-10-08,41.189999
2020-10-09,40.599998
2020-10-12,39.43
2020-10-13,40.200001
2020-10-14,41.040001
2020-10-15,40.959999
2020-10-16,40.880001
2020-10-19,40.830002
2020-10-20,41.459999
2020-10-21,40.029999
2020-10-22,40.639999
2020-10-23,39.849998
2020-10-26,38.560001
2020-10-27,39.57
2020-10-28,37.389999
2020-10-29,36.169998
2020-10-30,35.790001
2020-11-02,36.810001
2020-11-03,37.66
2020-11-04,39.150002
2020-11-05,38.790001
2020-11-06,37.139999
2020-11-09,40.290001
2020-11-10,41.360001
2020-11-11,41.450001
2020-11-12,41.119999
2020-11-13,40.130001
2020-11-16,41.34
2020-11-17,41.43
2020-11-18,41.82
2020-11-19,41.740002
2020-11-20,42.150002
2020-11-23,43.060001
2020-11-24,44.91
2020-11-25,45.709999
2020-11-27,45.529999
2020-11-30,45.34
2020-12-01,44.549999
2020-12-02,45.279999
2020-12-03,45.639999
2020-12-04,46.259998
2020-12-07,45.759998
2020-12-08,45.599998
2020-12-09,45.52
2020-12-10,46.779999
2020-12-11,46.57
2020-12-14,46.990002
2020-12-15,47.619999
2020-12-16,47.82
2020-12-17,48.360001
2020-12-18,49.099998
2020-12-21,47.740002
2020-12-22,47.02
2020-12-23,48.119999
2020-12-24,48.23
2020-12-28,47.619999
2020-12-29,48
2020-12-30,48.400002
2020-12-31,48.52
2021-01-04,47.619999
2021-01-05,49.93
2021-01-06,50.630001
2021-01-07,50.830002
2021-01-08,52.240002
2021-01-11,52.25
2021-01-12,53.209999
2021-01-13,52.91
2021-01-14,53.57
2021-01-15,52.360001
2021-01-19,52.98
2021-01-20,53.240002
2021-01-21,53.130001
2021-01-22,52.27
2021-01-25,52.77
2021-01-26,52.610001
2021-01-27,52.849998
2021-01-28,52.34
2021-01-29,52.200001
2021-02-01,53.549999
2021-02-02,54.759998
2021-02-03,55.689999
2021-02-04,56.23
2021-02-05,56.849998
2021-02-08,57.970001
2021-02-09,58.360001
2021-02-10,58.68
2021-02-11,58.240002
2021-02-12,59.470001
2021-02-16,60.049999
2021-02-17,61.139999
2021-02-18,60.52
2021-02-19,59.240002
2021-02-22,61.490002
2021-02-23,61.669998
2021-02-24,63.220001
2021-02-25,63.529999
2021-02-26,61.5
2021-03-01,60.639999
2021-03-02,59.75
2021-03-03,61.279999
2021-03-04,63.830002
2021-03-05,66.089996
2021-03-08,65.050003
2021-03-09,64.010002
2021-03-10,64.440002
2021-03-11,66.019997
2021-03-12,65.610001
2021-03-15,65.389999
2021-03-16,64.800003
2021-03-17,64.599998
2021-03-18,60
2021-03-19,61.419998
2021-03-22,61.549999
2021-03-23,57.759998
2021-03-24,61.18
2021-03-25,58.560001
2021-03-26,60.970001
2021-03-29,61.560001
2021-03-30,60.549999
2021-03-31,59.16
2021-04-01,61.450001
2021-04-05,58.650002
2021-04-06,59.330002
2021-04-07,59.77
2021-04-08,59.599998
2021-04-09,59.32
2021-04-12,59.700001
2021-04-13,60.18
2021-04-14,63.150002
2021-04-15,63.459999
2021-04-16,63.130001
2021-04-19,63.380001
2021-04-20,62.439999
2021-04-21,61.349998
2021-04-22,61.43
2021-04-23,62.139999
2021-04-26,61.91
2021-04-27,62.939999
2021-04-28,63.860001
2021-04-29,65.010002
2021-04-30,63.580002
2021-05-03,64.489998
2021-05-04,65.690002
2021-05-05,65.629997
2021-05-06,64.709999
2021-05-07,64.900002
2021-05-10,64.919998
2021-05-11,65.279999
2021-05-12,66.080002
2021-05-13,63.82
2021-05-14,65.370003
2021-05-17,66.269997
2021-05-18,65.489998
2021-05-19,63.360001
2021-05-20,62.049999
2021-05-21,63.580002
2021-05-24,66.050003
2021-05-25,66.07
2021-05-26,66.209999
2021-05-27,66.849998
2021-05-28,66.32
2021-06-01,67.720001
2021-06-02,68.830002
2021-06-03,68.809998
2021-06-04,69.620003
2021-06-07,69.230003
2021-06-08,70.050003
2021-06-09,69.959999
2021-06-10,70.290001
2021-06-11,70.910004
2021-06-14,70.879997
2021-06-15,72.120003
2021-06-16,72.150002
2021-06-17,71.040001
2021-06-18,71.639999
2021-06-21,73.660004
2021-06-22,73.059998
2021-06-23,73.080002
2021-06-24,73.300003
2021-06-25,74.050003
2021-06-28,72.910004
2021-06-29,72.980003
2021-06-30,73.470001
2021-07-01,75.230003
2021-07-02,75.160004
2021-07-06,73.370003
2021-07-07,72.199997
2021-07-08,72.940002
2021-07-09,74.559998
2021-07-12,74.099998
2021-07-13,75.25
2021-07-14,73.129997
2021-07-15,71.650002
2021-07-16,71.809998
2021-07-19,66.419998
2021-07-20,67.419998
2021-07-21,70.300003
2021-07-22,71.910004
2021-07-23,72.07
2021-07-26,71.910004
2021-07-27,71.650002
2021-07-28,72.389999
2021-07-29,73.620003
2021-07-30,73.949997
2021-08-02,71.260002
2021-08-03,70.559998
2021-08-04,68.150002
2021-08-05,69.089996
2021-08-06,68.279999
2021-08-09,66.480003
2021-08-10,68.290001
2021-08-11,69.25
2021-08-12,69.089996
2021-08-13,68.440002
2021-08-16,67.290001
2021-08-17,66.589996
2021-08-18,65.459999
2021-08-19,63.689999
2021-08-20,62.32
2021-08-23,65.639999
2021-08-24,67.540001
2021-08-25,68.360001
2021-08-26,67.419998
2021-08-27,68.739998
2021-08-30,69.209999
2021-08-31,68.5
2021-09-01,68.589996
2021-09-02,69.989998
2021-09-03,69.290001
2021-09-07,68.349998
2021-09-08,69.300003
2021-09-09,68.139999
2021-09-10,69.720001
2021-09-13,70.449997
2021-09-14,70.459999
2021-09-15,72.610001
2021-09-16,72.610001
2021-09-17,71.970001
2021-09-20,70.290001
2021-09-21,70.559998
2021-09-22,72.230003
2021-09-23,73.300003
2021-09-24,73.980003
2021-09-27,75.449997
2021-09-28,75.290001
2021-09-29,74.830002
2021-09-30,75.029999
2021-10-01,75.879997
2021-10-04,77.620003
2021-10-05,78.93
2021-10-06,77.43
2021-10-07,78.300003
2021-10-08,79.349998
2021-10-11,80.519997
2021-10-12,80.639999
2021-10-13,80.440002
2021-10-14,81.309998
2021-10-15,82.279999
2021-10-18,82.440002
2021-10-19,82.959999
2021-10-20,83.870003
2021-10-21,82.5
2021-10-22,83.760002
2021-10-25,83.760002
2021-10-26,84.650002
2021-10-27,82.660004
2021-10-28,82.809998
2021-10-29,83.57
2021-11-01,84.050003
2021-11-02,83.910004
2021-11-03,80.860001
2021-11-04,78.809998
2021-11-05,81.269997
2021-11-08,81.93
2021-11-09,84.150002
2021-11-10,81.339996
2021-11-11,81.589996
2021-11-12,80.790001
2021-11-15,80.879997
2021-11-16,80.760002
2021-11-17,78.360001
2021-11-18,79.010002
2021-11-19,76.099998
2021-11-22,76.75
2021-11-23,78.5
2021-11-24,78.389999
2021-11-26,68.150002
2021-11-29,69.949997
2021-11-30,66.18
2021-12-01,65.57
2021-12-02,66.5
2021-12-03,66.260002
2021-12-06,69.489998
2021-12-07,72.050003
2021-12-08,72.360001
2021-12-09,70.940002
2021-12-10,71.669998
2021-12-13,71.290001
2021-12-14,70.730003
2021-12-15,70.870003
2021-12-16,72.379997
2021-12-17,70.860001
2021-12-20,68.230003
2021-12-21,71.120003
2021-12-22,72.760002
2021-12-23,73.790001
2021-12-27,75.57
2021-12-28,75.980003
2021-12-29,76.559998
2021-12-30,76.989998
2021-12-31,75.209999
2022-01-03,76.080002
2022-01-04,76.989998
2022-01-05,77.849998
2022-01-06,79.459999
2022-01-07,78.900002
2022-01-10,78.230003
2022-01-11,81.220001
2022-01-12,82.639999
2022-01-13,82.120003
2022-01-14,83.82
2022-01-18,85.43
2022-01-19,86.959999
2022-01-20,86.900002
2022-01-21,85.139999
2022-01-24,83.309998
2022-01-25,85.599998
2022-01-26,87.349998
2022-01-27,86.610001
2022-01-28,86.82
2022-01-31,88.150002
2022-02-01,88.199997
2022-02-02,88.260002
2022-02-03,90.269997
2022-02-04,92.309998
2022-02-07,91.32
2022-02-08,89.360001
2022-02-09,89.660004
2022-02-10,89.879997
2022-02-11,93.099998
2022-02-14,95.459999
2022-02-15,92.07
2022-02-16,93.660004
2022-02-17,91.760002
2022-02-18,91.07
2022-02-22,92.349998
2022-02-23,92.099998
2022-02-24,92.809998
2022-02-25,91.589996
2022-02-28,95.720001
2022-03-01,103.410004
2022-03-02,110.599998
2022-03-03,107.669998
2022-03-04,115.68
2022-03-07,119.400002
2022-03-08,123.699997
2022-03-09,108.699997
2022-03-10,106.019997
2022-03-11,109.330002
2022-03-14,103.010002
2022-03-15,96.440002
2022-03-16,95.040001
2022-03-17,102.980003
2022-03-18,104.699997
2022-03-21,112.120003
2022-03-22,111.760002
2022-03-23,114.93
2022-03-24,112.339996
2022-03-25,113.900002
2022-03-28,105.959999
2022-03-29,104.239998
2022-03-30,107.82
2022-03-31,100.279999
2022-04-01,99.269997
2022-04-04,103.279999
2022-04-05,101.959999
2022-04-06,96.230003
2022-04-07,96.029999
2022-04-08,98.260002
2022-04-11,94.290001
2022-04-12,100.599998
2022-04-13,104.25
2022-04-14,106.949997
2022-04-18,108.209999
2022-04-19,102.559998
2022-04-20,102.75
2022-04-21,103.790001
2022-04-22,102.07
2022-04-25,98.540001
2022-04-26,101.699997
2022-04-27,102.019997
2022-04-28,105.360001
2022-04-29,104.690002
2022-05-02,105.169998
2022-05-03,102.410004
2022-05-04,107.809998
2022-05-05,108.260002
2022-05-06,109.769997
2022-05-09,103.089996
2022-05-10,99.760002
2022-05-11,105.709999
2022-05-12,106.129997
2022-05-13,110.489998
2022-05-16,114.199997
2022-05-17,112.400002
2022-05-18,109.589996
2022-05-19,112.209999
2022-05-20,113.230003
2022-05-23,110.290001
2022-05-24,109.769997
2022-05-25,110.330002
2022-05-26,114.089996
2022-05-27,115.07
2022-05-31,114.669998
2022-06-01,115.260002
2022-06-02,116.870003
2022-06-03,118.870003
2022-06-06,118.5
2022-06-07,119.410004
2022-06-08,122.110001
2022-06-09,121.510002
2022-06-10,120.669998
2022-06-13,120.93
2022-06-14,118.93
2022-06-15,115.309998
2022-06-16,117.589996
2022-06-17,109.559998
2022-06-21,110.650002
2022-06-22,106.190002
2022-06-23,104.269997
2022-06-24,107.620003
2022-06-27,109.57
2022-06-28,111.760002
2022-06-29,109.779999
2022-06-30,105.760002
2022-07-01,108.43
2022-07-05,99.5
2022-07-06,98.529999
2022-07-07,102.730003
2022-07-08,104.790001
2022-07-11,104.089996
2022-07-12,95.839996
2022-07-13,96.300003
2022-07-14,95.779999
2022-07-15,97.589996
2022-07-18,102.599998
2022-07-19,104.220001
2022-07-20,102.260002
2022-07-21,96.349998
2022-07-22,94.699997
2022-07-25,96.699997
2022-07-26,94.980003
2022-07-27,97.260002
2022-07-28,96.419998
2022-07-29,98.620003
2022-08-01,93.889999
2022-08-02,94.419998
2022-08-03,90.660004
2022-08-04,88.540001
2022-08-05,89.010002
2022-08-08,90.760002
2022-08-09,90.5
2022-08-10,91.93
2022-08-11,94.339996
2022-08-12,92.089996
2022-08-15,89.410004
2022-08-16,86.529999
2022-08-17,88.110001
2022-08-18,90.5
2022-08-19,90.769997
2022-08-22,90.230003
2022-08-23,93.739998
2022-08-24,94.889999
2022-08-25,92.519997
2022-08-26,93.059998
2022-08-29,97.010002
2022-08-30,91.639999
2022-08-31,89.550003
2022-09-01,86.610001
2022-09-02,86.870003
2022-09-06,86.879997
2022-09-07,81.940002
2022-09-08,83.540001
2022-09-09,86.790001
2022-09-12,87.779999
2022-09-13,87.309998
2022-09-14,88.480003
2022-09-15,85.099998
2022-09-16,85.110001
2022-09-19,85.730003
2022-09-20,84.449997
2022-09-21,82.940002
2022-09-22,83.489998
2022-09-23,78.739998
2022-09-26,76.709999
2022-09-27,78.5
2022-09-28,82.150002
2022-09-29,81.230003
2022-09-30,79.489998
2022-10-03,83.629997
2022-10-04,86.519997
2022-10-05,87.760002
2022-10-06,88.449997
2022-10-07,92.639999
2022-10-10,91.129997
2022-10-11,89.349998
2022-10-12,87.269997
2022-10-13,89.110001
2022-10-14,85.610001
2022-10-17,85.459999
2022-10-18,82.82
2022-10-19,85.550003
2022-10-20,85.980003
2022-10-21,85.050003
2022-10-24,84.580002
2022-10-25,85.32
2022-10-26,87.910004
2022-10-27,89.080002
2022-10-28,87.900002
2022-10-31,86.529999
2022-11-01,88.370003
2022-11-02,90
2022-11-03,88.169998
2022-11-04,92.610001
2022-11-07,91.790001
2022-11-08,88.910004
2022-11-09,85.830002
2022-11-10,86.470001
2022-11-11,88.959999
2022-11-14,85.870003
2022-11-15,86.919998
2022-11-16,85.589996
2022-11-17,81.639999
2022-11-18,80.080002
2022-11-21,79.730003
2022-11-22,80.949997
2022-11-23,77.940002
2022-11-25,76.279999
2022-11-28,77.239998
2022-11-29,78.199997
2022-11-30,80.550003
2022-12-01,81.220001
2022-12-02,79.980003
2022-12-05,76.93
2022-12-06,74.25
2022-12-07,72.010002
2022-12-08,71.459999
2022-12-09,71.019997
2022-12-12,73.169998
2022-12-13,75.389999
2022-12-14,77.279999
2022-12-15,76.110001
2022-12-16,74.290001
2022-12-19,75.190002
2022-12-20,76.089996
2022-12-21,78.290001
2022-12-22,77.489998
2022-12-23,79.559998
2022-12-27,79.529999
2022-12-28,78.959999
2022-12-29,78.400002
2022-12-30,80.260002
2023-01-03,76.93
2023-01-04,72.839996
2023-01-05,73.669998
2023-01-06,73.769997
2023-01-09,74.629997
2023-01-10,75.120003
2023-01-11,77.410004
2023-01-12,78.389999
2023-01-13,79.860001
2023-01-17,80.18
2023-01-18,79.480003
2023-01-19,80.330002
2023-01-20,81.309998
2023-01-23,81.620003
2023-01-24,80.129997
2023-01-25,80.150002
2023-01-26,81.010002
2023-01-27,79.68
2023-01-30,77.900002
2023-01-31,78.870003
2023-02-01,76.410004
2023-02-02,75.879997
2023-02-03,73.389999
2023-02-06,74.110001
2023-02-07,77.139999
2023-02-08,78.470001
2023-02-09,78.059998
2023-02-10,79.720001
2023-02-13,80.139999
2023-02-14,79.059998
2023-02-15,78.589996
2023-02-16,78.489998
2023-02-17,76.339996
2023-02-21,76.160004
2023-02-22,73.949997
2023-02-23,75.389999
2023-02-24,76.32
2023-02-27,75.68
2023-02-28,77.050003
2023-03-01,77.690002
2023-03-02,78.160004
2023-03-03,79.68
2023-03-06,80.459999
2023-03-07,77.580002
2023-03-08,76.660004
2023-03-09,75.720001
2023-03-10,76.68
2023-03-13,74.800003
2023-03-14,71.330002
2023-03-15,67.610001
2023-03-16,68.349998
2023-03-17,66.739998
2023-03-20,67.639999
2023-03-21,69.330002
2023-03-22,70.900002
2023-03-23,69.959999
2023-03-24,69.260002
2023-03-27,72.809998
2023-03-28,73.199997
2023-03-29,72.970001
2023-03-30,74.370003
2023-03-31,75.669998
2023-04-03,80.419998
2023-04-04,80.709999
2023-04-05,80.610001
2023-04-06,80.699997
2023-04-10,79.739998
2023-04-11,81.529999
2023-04-12,83.260002
2023-04-13,82.160004
2023-04-14,82.519997
2023-04-17,80.830002
2023-04-18,80.860001
2023-04-19,79.160004
2023-04-20,77.290001
2023-04-21,77.870003
2023-04-24,78.760002
2023-04-25,77.07
2023-04-26,74.300003
2023-04-27,74.760002
2023-04-28,76.779999
2023-05-01,75.660004
2023-05-02,71.660004
2023-05-03,68.599998
2023-05-04,68.559998
2023-05-05,71.339996
2023-05-08,73.160004
2023-05-09,73.709999
2023-05-10,72.559998
2023-05-11,70.870003
2023-05-12,70.040001
2023-05-15,71.110001
2023-05-16,70.860001
2023-05-17,72.830002
2023-05-18,71.860001
2023-05-19,71.550003
2023-05-22,71.989998
2023-05-23,72.910004
2023-05-24,74.339996
2023-05-25,71.830002
2023-05-26,72.669998
2023-05-30,69.459999
2023-05-31,68.089996
2023-06-01,70.099998
2023-06-02,71.739998
2023-06-05,72.150002
2023-06-06,71.739998
2023-06-07,72.529999
2023-06-08,71.290001
2023-06-09,70.169998
2023-06-12,67.120003
2023-06-13,69.419998
2023-06-14,68.269997
2023-06-15,70.620003
2023-06-16,71.779999
2023-06-20,70.5
2023-06-21,72.529999
2023-06-22,69.510002
2023-06-23,69.160004
2023-06-26,69.370003
2023-06-27,67.699997
2023-06-28,69.559998
2023-06-29,69.860001
2023-06-30,70.639999
2023-07-03,69.790001
2023-07-05,71.790001
2023-07-06,71.800003
2023-07-07,73.860001
2023-07-10,72.989998
2023-07-11,74.830002
2023-07-12,75.75
2023-07-13,76.889999
2023-07-14,75.419998
2023-07-17,74.150002
2023-07-18,75.75
2023-07-19,75.349998
2023-07-20,75.629997
2023-07-21,77.07
2023-07-24,78.739998
2023-07-25,79.629997
2023-07-26,78.779999
2023-07-27,80.089996
2023-07-28,80.580002
2023-07-31,81.800003
2023-08-01,81.370003
2023-08-02,79.489998
2023-08-03,81.550003
2023-08-04,82.82
2023-08-07,81.940002
2023-08-08,82.919998
2023-08-09,84.400002
2023-08-10,82.82
2023-08-11,83.190002
2023-08-14,82.510002
2023-08-15,80.989998
2023-08-16,79.379997
2023-08-17,80.389999
2023-08-18,81.25
2023-08-21,80.720001
2023-08-22,80.349998
2023-08-23,78.889999
2023-08-24,79.050003
2023-08-25,79.830002
2023-08-28,80.099998
2023-08-29,81.160004
2023-08-30,81.629997
2023-08-31,83.629997
2023-09-01,85.550003
2023-09-05,86.690002
2023-09-06,87.540001
2023-09-07,86.870003
2023-09-08,87.510002
2023-09-11,87.290001
2023-09-12,88.839996
2023-09-13,88.519997
2023-09-14,90.160004
2023-09-15,90.769997
2023-09-18,91.480003
2023-09-19,91.199997
2023-09-20,90.279999
2023-09-21,89.629997
2023-09-22,90.029999
2023-09-25,89.68
2023-09-26,90.389999
2023-09-27,93.68
2023-09-28,91.709999
2023-09-29,90.790001
2023-10-02,88.82
2023-10-03,89.230003
2023-10-04,84.220001
2023-10-05,82.309998
2023-10-06,82.790001
2023-10-09,86.379997
2023-10-10,85.970001
2023-10-11,83.489998
2023-10-12,82.910004
2023-10-13,87.690002
2023-10-16,86.660004
2023-10-17,86.660004
2023-10-18,88.32
2023-10-19,89.370003
2023-10-20,88.75
2023-10-23,85.489998
2023-10-24,83.739998
2023-10-25,85.389999
2023-10-26,83.209999
2023-10-27,85.540001
2023-10-30,82.309998
2023-10-31,81.019997
2023-11-01,80.440002
2023-11-02,82.459999
2023-11-03,80.510002
2023-11-06,80.82
2023-11-07,77.370003
2023-11-08,75.330002
2023-11-09,75.739998
2023-11-10,77.169998
2023-11-13,78.260002
2023-11-14,78.260002
2023-11-15,76.660004
2023-11-16,72.900002
2023-11-17,75.889999
2023-11-20,77.599998
2023-11-21,77.769997
2023-11-22,77.099998
2023-11-24,75.540001
2023-11-27,74.860001
2023-11-28,76.410004
2023-11-29,77.860001
2023-11-30,75.959999
2023-12-01,74.07
2023-12-04,73.040001
2023-12-05,72.32
2023-12-06,69.379997
2023-12-07,69.339996
2023-12-08,71.230003
2023-12-11,71.32
2023-12-12,68.610001
2023-12-13,69.470001
2023-12-14,71.580002
2023-12-15,71.43
2023-12-18,72.470001
2023-12-19,73.440002
2023-12-20,74.220001
2023-12-21,73.889999
2023-12-22,73.559998
2023-12-26,75.57
2023-12-27,74.110001
2023-12-28,71.769997
2023-12-29,71.650002
2024-01-02,70.379997
2024-01-03,72.699997
2024-01-04,72.190002
2024-01-05,73.809998
2024-01-08,70.769997
2024-01-09,72.239998
2024-01-10,71.370003
2024-01-11,72.019997
2024-01-12,72.68
2024-01-16,72.400002
2024-01-17,72.559998
2024-01-18,74.080002
2024-01-19,73.410004
2024-01-22,75.190002
2024-01-23,74.370003
2024-01-24,75.089996
2024-01-25,77.360001
2024-01-26,78.010002
2024-01-29,76.779999
2024-01-30,77.82
2024-01-31,75.849998
2024-02-01,73.82
2024-02-02,72.279999
2024-02-05,72.779999
2024-02-06,73.309998
2024-02-07,73.860001
2024-02-08,76.220001
2024-02-09,76.839996
2024-02-12,76.919998
2024-02-13,77.870003
2024-02-14,76.639999
2024-02-15,78.029999
2024-02-16,79.190002
2024-02-20,78.18
2024-02-21,77.910004
2024-02-22,78.610001
2024-02-23,76.489998
2024-02-26,77.580002
2024-02-27,78.870003
2024-02-28,78.540001
2024-02-29,78.260002
2024-03-01,79.970001
2024-03-04,78.739998
2024-03-05,78.150002
2024-03-06,79.129997
2024-03-07,78.93
2024-03-08,78.010002
2024-03-11,77.93
2024-03-12,77.559998
2024-03-13,79.720001
2024-03-14,81.260002
2024-03-15,81.040001
2024-03-18,82.720001
2024-03-19,83.470001
2024-03-20,81.68
2024-03-21,81.07
2024-03-22,80.629997
2024-03-25,81.949997
2024-03-26,81.620003
2024-03-27,81.349998
2024-03-28,83.169998
2024-04-01,83.709999
2024-04-02,85.150002
2024-04-03,85.43
2024-04-04,86.589996
2024-04-05,86.910004
2024-04-08,86.43
2024-04-09,85.230003
2024-04-10,86.209999
2024-04-11,85.019997
2024-04-12,85.660004
2024-04-15,85.410004
2024-04-16,85.360001
2024-04-17,82.690002
2024-04-18,82.730003
2024-04-19,83.139999
2024-04-22,82.849998
2024-04-23,83.360001
2024-04-24,82.809998
2024-04-25,83.57
2024-04-26,83.849998
2024-04-29,82.629997
2024-04-30,81.93
2024-05-01,79
2024-05-02,78.949997
2024-05-03,78.110001
2024-05-06,78.480003
2024-05-07,78.379997
2024-05-08,78.989998
2024-05-09,79.260002
2024-05-10,78.260002
2024-05-13,79.120003
2024-05-14,78.019997
2024-05-15,78.629997
2024-05-16,79.230003
2024-05-17,80.059998
2024-05-20,79.800003
2024-05-21,79.260002
2024-05-22,77.57
2024-05-23,76.870003
2024-05-24,77.720001
2024-05-28,79.830002
2024-05-29,79.230003
2024-05-30,77.910004
2024-05-31,76.989998
2024-06-03,74.220001
2024-06-04,73.25
2024-06-05,74.07
2024-06-06,75.550003
2024-06-07,75.529999
2024-06-10,77.739998
2024-06-11,77.900002
2024-06-12,78.5
2024-06-13,78.620003
2024-06-14,78.449997
2024-06-17,80.330002
2024-06-18,81.57
2024-06-20,82.169998
2024-06-21,80.730003
2024-06-24,81.629997
2024-06-25,80.830002
2024-06-26,80.900002
2024-06-27,81.739998
2024-06-28,81.540001
2024-07-01,83.379997
2024-07-02,82.809998
2024-07-03,83.879997
2024-07-05,83.160004
2024-07-08,82.330002
2024-07-09,81.410004
2024-07-10,82.099998
2024-07-11,82.620003
2024-07-12,82.209999
2024-07-15,81.910004
2024-07-16,80.760002
2024-07-17,82.849998
2024-07-18,82.82
2024-07-19,80.129997
2024-07-22,79.779999
2024-07-23,76.959999
2024-07-24,77.589996
2024-07-25,78.279999
2024-07-26,77.160004
2024-07-29,75.809998
2024-07-30,74.730003
2024-07-31,77.910004
2024-08-01,76.309998
2024-08-02,73.519997
2024-08-05,72.940002
2024-08-06,73.199997
2024-08-07,75.230003
2024-08-08,76.190002
2024-08-09,76.839996
2024-08-12,80.059998
2024-08-13,78.349998
2024-08-14,76.980003
2024-08-15,78.160004
2024-08-16,76.650002
2024-08-19,74.370003
2024-08-20,74.040001
2024-08-21,71.93
2024-08-22,73.010002
2024-08-23,74.830002
2024-08-26,77.419998
2024-08-27,75.529999
2024-08-28,74.519997
2024-08-29,75.910004
2024-08-30,73.550003
2024-09-03,70.339996
2024-09-04,69.199997
2024-09-05,69.150002
2024-09-06,67.669998
2024-09-09,68.709999
2024-09-10,65.75
2024-09-11,67.309998
2024-09-12,68.970001
2024-09-13,68.650002
2024-09-16,70.089996
2024-09-17,71.190002
2024-09-18,70.910004
2024-09-19,71.949997
2024-09-20,71.919998
2024-09-23,70.370003
2024-09-24,71.559998
2024-09-25,69.690002
2024-09-26,67.669998
2024-09-27,68.18
2024-09-30,68.169998
2024-10-01,69.830002
2024-10-02,70.099998
2024-10-03,73.709999
2024-10-04,74.379997
2024-10-07,77.139999
2024-10-08,73.57
2024-10-09,73.239998
2024-10-10,75.849998
2024-10-11,75.559998
2024-10-14,73.830002
2024-10-15,70.580002
2024-10-16,70.389999
2024-10-17,70.669998
2024-10-18,69.220001
2024-10-21,70.559998
2024-10-22,72.089996
2024-10-23,70.769997
2024-10-24,70.190002
2024-10-25,71.779999
2024-10-28,67.379997
2024-10-29,67.209999
2024-10-30,68.610001
2024-10-31,69.260002
2024-11-01,69.489998
2024-11-04,71.470001
2024-11-05,71.989998
2024-11-06,71.690002
2024-11-07,72.360001
2024-11-08,70.379997
2024-11-11,68.040001
2024-11-12,68.120003
2024-11-13,68.43
2024-11-14,68.699997
2024-11-15,67.019997
2024-11-18,69.160004
2024-11-19,69.389999
2024-11-20,68.870003
2024-11-21,70.099998
2024-11-22,71.239998
2024-11-25,68.940002
2024-11-26,68.769997
2024-11-27,68.720001
2024-11-29,68
2024-12-02,68.099998
2024-12-03,69.940002
2024-12-04,68.540001
2024-12-05,68.300003
2024-12-06,67.199997
2024-12-09,68.370003
2024-12-10,68.589996
2024-12-11,70.290001
2024-12-12,70.019997
2024-12-13,71.290001
2024-12-16,70.709999
2024-12-17,70.080002
2024-12-18,70.580002
2024-12-19,69.910004
2024-12-20,69.459999
2024-12-23,69.239998
2024-12-24,70.099998
2024-12-26,69.620003
2024-12-27,70.599998
2024-12-30,70.989998
2024-12-31,71.720001
2025-01-02,73.129997
2025-01-03,73.959999
2025-01-06,73.559998
2025-01-07,74.25
2025-01-08,73.32
2025-01-09,73.919998
2025-01-10,76.57
2025-01-13,78.82
2025-01-14,77.5
2025-01-15,80.040001
2025-01-16,78.68
2025-01-17,77.879997
2025-01-21,75.889999
2025-01-22,75.440002
2025-01-23,74.620003
2025-01-24,74.660004
2025-01-27,73.169998
2025-01-28,73.769997
2025-01-29,72.620003
2025-01-30,72.730003
2025-01-31,72.529999
2025-02-03,73.160004
2025-02-04,72.699997
2025-02-05,71.029999
2025-02-06,70.610001
2025-02-07,71
2025-02-10,72.32
2025-02-11,73.32
2025-02-12,71.370003
2025-02-13,71.290001
2025-02-14,70.739998
2025-02-18,71.849998
2025-02-19,72.25
2025-02-20,72.57
2025-02-21,70.400002
2025-02-24,70.699997
2025-02-25,68.93
2025-02-26,68.620003
2025-02-27,70.349998
2025-02-28,69.760002
2025-03-03,68.370003
2025-03-04,68.260002
2025-03-05,66.309998
2025-03-06,66.360001
2025-03-07,67.040001
2025-03-10,66.029999
2025-03-11,66.25
2025-03-12,67.68
2025-03-13,66.550003
2025-03-14,67.18
2025-03-17,67.580002
2025-03-18,66.900002
2025-03-19,67.160004
2025-03-20,68.260002
2025-03-21,68.279999
2025-03-24,69.110001
2025-03-25,69
2025-03-26,69.650002
2025-03-27,69.919998
2025-03-28,69.360001
2025-03-31,71.480003
2025-04-01,71.199997
2025-04-02,71.709999
2025-04-03,66.949997
2025-04-04,61.990002
2025-04-07,60.700001
2025-04-08,59.580002
2025-04-09,62.349998
2025-04-10,60.07
2025-04-11,61.5
2025-04-14,61.529999
2025-04-15,61.330002
2025-04-16,62.470001
2025-04-17,64.68
2025-04-21,63.080002
2025-04-22,64.309998
2025-04-23,62.27
2025-04-24,62.790001
2025-04-25,63.02
2025-04-28,62.049999
2025-04-29,60.419998
2025-04-30,58.209999
2025-05-01,59.240002
2025-05-02,58.290001
2025-05-05,57.130001
2025-05-06,59.09
2025-05-07,58.07
2025-05-08,59.91
2025-05-09,61.02
2025-05-12,61.950001
2025-05-13,63.669998
2025-05-14,63.150002
2025-05-15,61.619999
2025-05-16,62.490002
2025-05-19,62.689999
2025-05-20,62.560001
2025-05-21,61.57
2025-05-22,61.200001
2025-05-23,61.529999
2025-05-27,60.889999
2025-05-28,61.84
2025-05-29,60.939999
2025-05-30,60.790001
2025-06-02,62.52
2025-06-03,63.41
2025-06-04,62.849998
2025-06-05,63.369999
2025-06-06,64.580002
2025-06-09,65.290001
2025-06-10,64.980003
2025-06-11,68.150002
2025-06-12,68.040001
2025-06-13,72.980003
2025-06-16,71.769997
2025-06-17,74.839996
2025-06-18,75.139999
2025-06-20,74.93
2025-06-23,68.510002
2025-06-24,64.370003
2025-06-25,64.919998
2025-06-26,65.239998
2025-06-27,65.519997
2025-06-30,65.110001
2025-07-01,65.449997
2025-07-02,67.449997
2025-07-03,67
2025-07-04,66.5
2025-07-07,67.93
2025-07-08,68.330002
2025-07-09,68.379997
2025-07-10,66.57
2025-07-11,68.449997
2025-07-14,66.980003
2025-07-15,66.519997
2025-07-16,66.379997
2025-07-17,67.540001
2025-07-18,67.339996
2025-07-21,67.199997
2025-07-22,66.209999
2025-07-23,65.25
2025-07-24,66.029999
2025-07-25,65.160004
2025-07-28,66.709999
2025-07-29,69.209999
2025-07-30,70
2025-07-31,69.260002
2025-08-01,67.330002
2025-08-04,66.290001
2025-08-05,65.160004
2025-08-06,64.349998
2025-08-07,63.880001
2025-08-08,63.880001
2025-08-11,63.959999
2025-08-12,63.169998
2025-08-13,62.650002
2025-08-14,63.959999
2025-08-15,62.799999
2025-08-18,63.419998
2025-08-19,62.349998
2025-08-20,63.209999
2025-08-21,63.52
2025-08-22,63.66
2025-08-25,64.800003
2025-08-26,63.25
2025-08-27,64.150002
2025-08-28,64.599998
2025-08-29,64.010002
2025-09-02,65.589996
2025-09-03,63.970001
2025-09-04,63.48
2025-09-05,61.869999
2025-09-08,62.259998
2025-09-09,62.630001
2025-09-10,63.669998
2025-09-11,62.369999
2025-09-12,62.689999
2025-09-15,63.299999
2025-09-16,64.519997
2025-09-17,64.050003
2025-09-18,63.57
2025-09-19,62.68
2025-09-22,62.639999
2025-09-23,63.41
2025-09-24,64.989998
2025-09-25,64.980003
2025-09-26,65.720001
2025-09-29,63.450001
2025-09-30,62.369999
2025-10-01,61.779999
2025-10-02,60.48
2025-10-03,60.880001
2025-10-06,61.689999
2025-10-07,61.73
2025-10-08,62.549999
2025-10-09,61.509998
2025-10-10,58.900002
2025-10-13,59.490002
2025-10-14,58.700001
2025-10-15,58.27
2025-10-16,57.459999
2025-10-17,57.540001
2025-10-20,57.52
2025-10-21,57.82
2025-10-22,58.5
2025-10-23,61.790001
2025-10-24,61.5
2025-10-27,61.310001
2025-10-28,60.150002
2025-10-29,60.48
2025-10-30,60.57
2025-10-31,60.98
2025-11-03,61.049999
2025-11-04,60.560001
2025-11-05,59.599998
2025-11-06,59.43
2025-11-07,59.75
2025-11-10,60.130001
2025-11-11,61.040001
2025-11-12,58.490002
2025-11-13,58.689999
2025-11-14,60.09
2025-11-17,59.91
2025-11-18,60.740002
2025-11-19,59.439999
2025-11-20,59.139999
2025-11-21,58.060001
2025-11-24,58.84
2025-11-25,57.950001
2025-11-26,58.650002
2025-11-28,58.549999
2025-12-01,59.32
2025-12-02,58.639999
2025-12-03,58.950001
2025-12-04,59.669998
2025-12-05,60.080002
2025-12-08,58.880001
2025-12-09,58.25
2025-12-10,58.459999
2025-12-11,57.599998
2025-12-12,57.439999
2025-12-15,56.82
2025-12-16,55.27
2025-12-17,55.939999
2025-12-18,56.150002
2025-12-19,56.66
2025-12-22,58.009998
2025-12-23,58.380001
2025-12-24,58.349998
2025-12-26,56.740002
2025-12-29,58.080002
2025-12-30,57.950001
2025-12-31,57.419998
2026-01-02,57.32
2026-01-05,58.32
2026-01-06,57.130001
2026-01-07,55.990002
2026-01-08,57.759998
2026-01-09,59.119999
2026-01-12,59.5
2026-01-13,61.150002
2026-01-14,62.02
2026-01-15,59.189999
2026-01-16,59.439999
2026-01-20,60.34
2026-01-21,60.619999
2026-01-22,59.360001
2026-01-23,61.07
2026-01-26,60.630001
2026-01-27,62.389999
2026-01-28,63.209999
2026-01-29,65.419998
2026-01-30,65.209999
2026-02-02,62.139999
2026-02-03,63.209999
2026-02-04,65.139999
2026-02-05,63.290001
2026-02-06,63.549999
2026-02-09,64.360001
2026-02-10,63.959999
2026-02-11,64.629997
2026-02-12,62.84
2026-02-13,62.889999
2026-02-17,62.330002
2026-02-18,65.190002
2026-02-19,66.43
2026-02-20,66.389999
2026-02-23,66.309998
2026-02-24,65.629997
2026-02-25,65.419998
2026-02-26,65.209999
2026-02-27,67.019997
2026-03-02,71.230003
2026-03-03,74.559998
2026-03-04,74.660004
2026-03-05,81.010002
2026-03-06,90.900002
2026-03-09,94.769997
2026-03-10,83.449997
2026-03-11,87.25
2026-03-12,95.730003
2026-03-13,98.709999
2026-03-16,93.5
2026-03-17,96.209999
2026-03-18,96.32
2026-03-19,96.139999
2026-03-20,98.32
2026-03-23,88.129997
2026-03-24,92.349998
2026-03-25,90.32
2026-03-26,94.480003
2026-03-27,99.639999
2026-03-30,102.879997
2026-03-31,101.379997
2026-04-01,100.120003
2026-04-02,111.540001
2026-04-06,112.410004
2026-04-07,112.949997
2026-04-08,94.410004
2026-04-09,97.870003
2026-04-10,96.57
2026-04-13,99.080002
2026-04-14,91.279999
2026-04-15,91.290001
2026-04-16,94.690002
2026-04-17,83.849998
2026-04-20,89.610001
2026-04-21,92.129997
2026-04-22,92.959999
2026-04-23,95.849998
2026-04-24,94.400002
2026-04-27,96.370003
2026-04-28,99.93
2026-04-29,106.879997
2026-04-30,105.07
2026-05-01,101.940002
2026-05-04,106.419998
2026-05-05,102.269997
2026-05-06,95.080002
2026-05-07,94.809998
2026-05-08,95.419998
2026-05-11,98.07
2026-05-12,102.18
2026-05-13,101.019997
2026-05-14,101.169998
2026-05-15,105.419998
2026-05-18,108.660004
2026-05-19,107.769997
2026-05-20,98.260002
2026-05-21,96.349998
2026-05-22,96.599998
2026-05-26,93.889999
2026-05-27,88.68
2026-05-28,88.900002
2026-05-29,87.360001
2026-06-01,92.160004
2026-06-02,93.760002
2026-06-03,96.019997
2026-06-04,93.040001
2026-06-05,90.540001
2026-06-08,91.300003
2026-06-09,88.199997
2026-06-10,90.029999
2026-06-11,87.709999
2026-06-12,84.879997
2026-06-15,80.75
2026-06-16,76.050003
2026-06-17,76.790001
2026-06-18,76.599998
2026-06-22,74.82
2026-06-23,73.209999
2026-06-24,70.339996
2026-06-25,71.919998
2026-06-26,69.230003
2026-06-29,70.75
2026-06-30,69.5
2026-07-01,68.580002
2026-07-02,68.690002
2026-07-06,68.550003
2026-07-07,70.440002
2026-07-08,73.519997
2026-07-09,72.080002
2026-07-10,71.410004
2026-07-13,78.139999
2026-07-14,79.339996
2026-07-15,79.599998
2026-07-16,78.949997
2026-07-17,82.489998
2026-07-20,83.230003
2026-07-21,84.910004
2026-07-22,86.830002
2026-07-23,92.190002
2026-07-24,89.309998
2026-07-27,82.610001
2026-07-28,79.260002
2026-07-29,84.459999
2026-07-30,83.589996
2026-07-31,84.669998
2026-08-03,80.339996
2026-08-04,75.769997
2026-08-05,75.220001
2026-08-06,77.290001
2026-08-07,78.18
2026-08-10,82.129997
2026-08-11,83.199997
2026-08-12,83.269997
2026-08-13,81.25
2026-08-14,82.400002
2026-08-17,84.5
2026-08-18,84.940002
2026-08-19,85.830002
2026-08-20,87.830002
2026-08-21,87.059998
2026-08-24,85.010002
2026-08-25,82.360001
2026-08-26,82.230003
2026-08-27,83.529999
2026-08-28,83.400002
2026-08-31,85.760002
2026-09-01,90.220001
2026-09-02,91.010002
2026-09-03,91.300003
2026-09-04,91.480003
2026-09-08,93.029999
2026-09-09,96.050003
2026-09-10,102.480003
2026-09-11,100.050003
2026-09-14,101.389999
2026-09-15,105.830002
2026-09-16,102.43
2026-09-17,101.910004
2026-09-18,100.300003
2026-09-21,95.779999
2026-09-22,94.589996
2026-09-23,92.160004
2026-09-24,94.610001
2026-09-25,92.410004
2026-09-28,92.599998
2026-09-29,89.379997
2026-09-30,90.419998
2026-10-01,92.870003
2026-10-02,91.110001
2026-10-05,89.43
2026-10-06,89.440002
2026-10-07,88.279999
2026-10-08,91.489998
